symbol	category	swift_function	declaration	actual_callers	consumer_class	replacement_seam	uncertainty	evidence
pushAXObserver	native-bridge	pushAXObserver	Sources/HSSwiftExtensions/AXObserver.swift:39	Sources/HSSwiftExtensions/AXObserver.swift:120 `pushAXObserver(L, observer)`; Sources/HSSwiftExtensions/AXObserver.swift:147 `pushAXObserver(L, observer!)`; Sources/HSSwiftExtensions/AXUIElement.swift:262 `pushAXObserver(L, theItem as! AXObserver)`	same-target Swift identity; C export ABI statically unconsumed	internal typed AX conversion/userdata/module seam; remove C export	No active in-repo C/ObjC or project-symbol dlsym consumer found; user/site dylibs and downstream clients of public static headers remain external/dynamic unknown.	Sources/HSSwiftExtensions/AXObserver.swift:39 declaration; callers Sources/HSSwiftExtensions/AXObserver.swift:120, Sources/HSSwiftExtensions/AXObserver.swift:147, Sources/HSSwiftExtensions/AXUIElement.swift:262
luaopen_hs_libaxuielementobserver	lua-entrypoint	luaopen_hs_libaxuielementobserver	Sources/HSSwiftExtensions/AXObserver.swift:433	S(Sources/HSSwiftExtensions/AXUIElementLegacy.swift:1251) parent luaopen_hs_libaxuielement invokes it and stores result under observer; T(Tests/CosmicHammerTests/AXObserverTests.swift:10) invokes the public Swift function directly; no generated preload or Lua require	nested AXUIElement Swift module factory plus test typed reference	AXUIElement parent module factory/typed submodule registration, not a standalone C export	No other active-source caller found; external ABI/dlsym use cannot be disproved	Sources/HSSwiftExtensions/AXObserver.swift:433-435 declaration and AXUIElementLegacy.swift:1251.
pushAXTextMarker	native-bridge	pushAXTextMarker	Sources/HSSwiftExtensions/AXTextMarker.swift:12	Sources/HSSwiftExtensions/AXTextMarker.swift:44 `pushAXTextMarker(L, marker)`; Sources/HSSwiftExtensions/AXTextMarker.swift:125 `pushAXTextMarker(L, marker)`; Sources/HSSwiftExtensions/AXTextMarker.swift:140 `pushAXTextMarker(L, marker)`; Sources/HSSwiftExtensions/AXUIElement.swift:264 `pushAXTextMarker(L, theItem)`	same-target Swift identity; C export ABI statically unconsumed	internal typed AX conversion/userdata/module seam; remove C export	No active in-repo C/ObjC or project-symbol dlsym consumer found; user/site dylibs and downstream clients of public static headers remain external/dynamic unknown.	Sources/HSSwiftExtensions/AXTextMarker.swift:12 declaration; callers Sources/HSSwiftExtensions/AXTextMarker.swift:44, Sources/HSSwiftExtensions/AXTextMarker.swift:125, Sources/HSSwiftExtensions/AXTextMarker.swift:140, Sources/HSSwiftExtensions/AXUIElement.swift:264
pushAXTextMarkerRange	native-bridge	pushAXTextMarkerRange	Sources/HSSwiftExtensions/AXTextMarker.swift:23	Sources/HSSwiftExtensions/AXTextMarker.swift:61 `pushAXTextMarkerRange(L, range)`; Sources/HSSwiftExtensions/AXUIElement.swift:266 `pushAXTextMarkerRange(L, theItem)`	same-target Swift identity; C export ABI statically unconsumed	internal typed AX conversion/userdata/module seam; remove C export	No active in-repo C/ObjC or project-symbol dlsym consumer found; user/site dylibs and downstream clients of public static headers remain external/dynamic unknown.	Sources/HSSwiftExtensions/AXTextMarker.swift:23 declaration; callers Sources/HSSwiftExtensions/AXTextMarker.swift:61, Sources/HSSwiftExtensions/AXUIElement.swift:266
luaopen_hs_axuielement_axtextmarker	lua-entrypoint	luaopen_hs_axuielement_axtextmarker	Sources/HSSwiftExtensions/AXTextMarker.swift:179	S(Sources/HSSwiftExtensions/AXUIElementLegacy.swift:1252) parent luaopen_hs_libaxuielement invokes it and stores result under axtextmarker; no generated preload, manifest, Lua require, or test typed call	nested AXUIElement Swift module factory	AXUIElement parent module factory/typed submodule registration	No other active-source caller found; external ABI/dlsym use cannot be disproved	Sources/HSSwiftExtensions/AXTextMarker.swift:179-181 and AXUIElementLegacy.swift:1252.
getElementRefPropertyFromClassObject	native-bridge	getElementRefPropertyFromClassObject	Sources/HSSwiftExtensions/AXUIElement.swift:106	Sources/HSSwiftExtensions/AXUIElementLegacy.swift:99 `let ref = getElementRefPropertyFromClassObject(object) {`; Sources/HSSwiftExtensions/AXUIElementLegacy.swift:123 `let ref = getElementRefPropertyFromClassObject(object) {`	same-target Swift identity; C export ABI statically unconsumed	internal typed AX conversion/userdata/module seam; remove C export	No active in-repo C/ObjC or project-symbol dlsym consumer found; user/site dylibs and downstream clients of public static headers remain external/dynamic unknown.	Sources/HSSwiftExtensions/AXUIElement.swift:106 declaration; callers Sources/HSSwiftExtensions/AXUIElementLegacy.swift:99, Sources/HSSwiftExtensions/AXUIElementLegacy.swift:123
new_application	native-bridge	new_application	Sources/HSSwiftExtensions/AXUIElement.swift:119	none	dead/header-only in active tree; C export ABI statically unconsumed	internal typed AX conversion/userdata/module seam; remove C export	No active in-repo C/ObjC or project-symbol dlsym consumer found; user/site dylibs and downstream clients of public static headers remain external/dynamic unknown.	Sources/HSSwiftExtensions/AXUIElement.swift:119 declaration
new_window	native-bridge	new_window	Sources/HSSwiftExtensions/AXUIElement.swift:131	none	dead/header-only in active tree; C export ABI statically unconsumed	internal typed AX conversion/userdata/module seam; remove C export	No active in-repo C/ObjC or project-symbol dlsym consumer found; user/site dylibs and downstream clients of public static headers remain external/dynamic unknown.	Sources/HSSwiftExtensions/AXUIElement.swift:131 declaration
pushCFTypeToLua	native-bridge	pushCFTypeToLua	Sources/HSSwiftExtensions/AXUIElement.swift:519	Sources/HSSwiftExtensions/AXObserver.swift:123 `pushCFTypeToLua(L, info, observerRefTable)`; Sources/HSSwiftExtensions/AXObserver.swift:302 `pushCFTypeToLua(L, notifications as CFTypeRef, observerRefTable)`; Sources/HSSwiftExtensions/AXObserver.swift:313 `pushCFTypeToLua(L, notifs as CFTypeRef, observerRefTable)`; Sources/HSSwiftExtensions/AXUIElementLegacy.swift:300 `pushCFTypeToLua(L, value, refTable)`; Sources/HSSwiftExtensions/AXUIElementLegacy.swift:345 `pushCFTypeToLua(L, itemRef, refTable)`; Sources/HSSwiftExtensions/AXUIElementLegacy.swift:607 `pushCFTypeToLua(L, value, refTable)`	same-target Swift identity; C export ABI statically unconsumed	internal typed AX conversion/userdata/module seam; remove C export	No active in-repo C/ObjC or project-symbol dlsym consumer found; user/site dylibs and downstream clients of public static headers remain external/dynamic unknown.	Sources/HSSwiftExtensions/AXUIElement.swift:519 declaration; callers Sources/HSSwiftExtensions/AXObserver.swift:123, Sources/HSSwiftExtensions/AXObserver.swift:302, Sources/HSSwiftExtensions/AXObserver.swift:313, Sources/HSSwiftExtensions/AXUIElementLegacy.swift:300, Sources/HSSwiftExtensions/AXUIElementLegacy.swift:345, Sources/HSSwiftExtensions/AXUIElementLegacy.swift:607
lua_toCFType	native-bridge	lua_toCFType	Sources/HSSwiftExtensions/AXUIElement.swift:532	Sources/HSSwiftExtensions/AXUIElementLegacy.swift:602 `let parameter = lua_toCFType(L, 3)`; Sources/HSSwiftExtensions/AXUIElementLegacy.swift:632 `let value = lua_toCFType(L, 3)`	same-target Swift identity; C export ABI statically unconsumed	internal typed AX conversion/userdata/module seam; remove C export	No active in-repo C/ObjC or project-symbol dlsym consumer found; user/site dylibs and downstream clients of public static headers remain external/dynamic unknown.	Sources/HSSwiftExtensions/AXUIElement.swift:532 declaration; callers Sources/HSSwiftExtensions/AXUIElementLegacy.swift:602, Sources/HSSwiftExtensions/AXUIElementLegacy.swift:632
pushAXUIElement	native-bridge	pushAXUIElement	Sources/HSSwiftExtensions/AXUIElementLegacy.swift:16	"Sources/HSSwiftExtensions/AXObserver.swift:121 `pushAXUIElement(L, element)`; Sources/HSSwiftExtensions/AXObserver.swift:312 `pushAXUIElement(L, elem)`; Sources/HSSwiftExtensions/AXUIElement.swift:260 `pushAXUIElement(L, theItem as! AXUIElement)`; Sources/HSSwiftExtensions/AXUIElementLegacy.swift:26 `assert(lua_gettop(L) == topBefore + 1, ""pushAXUIElement must push exactly one userdata"")`; Sources/HSSwiftExtensions/AXUIElementLegacy.swift:100 `pushAXUIElement(L, ref)`; Sources/HSSwiftExtensions/AXUIElementLegacy.swift:124 `pushAXUIElement(L, ref)`; Sources/HSSwiftExtensions/AXUIElementLegacy.swift:142 `pushAXUIElement(L, value)`; Sources/HSSwiftExtensions/AXUIElementLegacy.swift:160 `pushAXUIElement(L, value)`; Sources/HSSwiftExtensions/AXUIElementLegacy.swift:181 `pushAXUIElement(L, theRef)`; Sources/HSSwiftExtensions/AXUIElementLegacy.swift:573 `pushAXUIElement(L, value!)`"	same-target Swift identity; C export ABI statically unconsumed	internal typed AX conversion/userdata/module seam; remove C export	No active in-repo C/ObjC or project-symbol dlsym consumer found; user/site dylibs and downstream clients of public static headers remain external/dynamic unknown.	Sources/HSSwiftExtensions/AXUIElementLegacy.swift:16 declaration; callers Sources/HSSwiftExtensions/AXObserver.swift:121, Sources/HSSwiftExtensions/AXObserver.swift:312, Sources/HSSwiftExtensions/AXUIElement.swift:260, Sources/HSSwiftExtensions/AXUIElementLegacy.swift:26, Sources/HSSwiftExtensions/AXUIElementLegacy.swift:100, Sources/HSSwiftExtensions/AXUIElementLegacy.swift:124, Sources/HSSwiftExtensions/AXUIElementLegacy.swift:142, Sources/HSSwiftExtensions/AXUIElementLegacy.swift:160, Sources/HSSwiftExtensions/AXUIElementLegacy.swift:181, Sources/HSSwiftExtensions/AXUIElementLegacy.swift:573
AXErrorAsString	native-bridge	AXErrorAsString	Sources/HSSwiftExtensions/AXUIElementLegacy.swift:30	"Sources/HSSwiftExtensions/AXObserver.swift:145 `if err != .success { throw LuaCallError(String(cString: AXErrorAsString(err))) }`; Sources/HSSwiftExtensions/AXObserver.swift:251 `if err != .success { throw LuaCallError(String(cString: AXErrorAsString(err))) }`; Sources/HSSwiftExtensions/AXObserver.swift:280 `if err != .success { throw LuaCallError(String(cString: AXErrorAsString(err))) }`; Sources/HSSwiftExtensions/AXUIElement.swift:231 `L.push(String(cString: AXErrorAsString(err))); lua_setfield(L, -2, ""error"")`; Sources/HSSwiftExtensions/AXUIElementLegacy.swift:68 `let axErrMsg = AXErrorAsString(err)`"	same-target Swift identity; C export ABI statically unconsumed	internal typed AX conversion/userdata/module seam; remove C export	No active in-repo C/ObjC or project-symbol dlsym consumer found; user/site dylibs and downstream clients of public static headers remain external/dynamic unknown.	Sources/HSSwiftExtensions/AXUIElementLegacy.swift:30 declaration; callers Sources/HSSwiftExtensions/AXObserver.swift:145, Sources/HSSwiftExtensions/AXObserver.swift:251, Sources/HSSwiftExtensions/AXObserver.swift:280, Sources/HSSwiftExtensions/AXUIElement.swift:231, Sources/HSSwiftExtensions/AXUIElementLegacy.swift:68
luaopen_hs_libaxuielement	lua-entrypoint	luaopen_hs_libaxuielement	Sources/HSSwiftExtensions/AXUIElementLegacy.swift:1210	G=25/303 via R and RT; L(extensions/axuielement/axuielement.lua:46) computes hs.libaxuielement dynamically from USERDATA_TAG; no direct test typed call	generated package.preload plus computed Lua require	typed NativeModuleRegistry entry for hs.libaxuielement	The computed require is statically resolved from hs.axuielement at line 46; no other active-source callers found, but external/dlsym use cannot be disproved	Sources/HSSwiftExtensions/AXUIElementLegacy.swift:1210; G=25/303; H=17; M=15; D=14/110; L=extensions/axuielement/axuielement.lua:46.
MJAccessibilityIsEnabled	native-bridge	MJAccessibilityIsEnabled	Sources/HSSwiftExtensions/AccessibilityUtils.swift:4	"Sources/HSSwiftExtensions/AppDelegate.swift:354 `if !MJAccessibilityIsEnabled() {`; Sources/HSSwiftExtensions/AppDelegate.swift:453 `os_log(.info, ""accessibilityChanged: %{public}s"", MJAccessibilityIsEnabled() ? ""ENABLED"" : ""DISABLED"")`; Sources/HSSwiftExtensions/LuaRuntime.swift:401 `let enabled = MJAccessibilityIsEnabled()`; Sources/HSSwiftExtensions/PreferencesWindowController.swift:311 `isAccessibilityEnabled = MJAccessibilityIsEnabled()`"	same-target Swift identity; C export ABI statically unconsumed	typed Accessibility permission service seam	No active in-repo C/ObjC or project-symbol dlsym consumer found; user/site dylibs and downstream clients of public static headers remain external/dynamic unknown.	Sources/HSSwiftExtensions/AccessibilityUtils.swift:4 declaration; callers Sources/HSSwiftExtensions/AppDelegate.swift:354, Sources/HSSwiftExtensions/AppDelegate.swift:453, Sources/HSSwiftExtensions/LuaRuntime.swift:401, Sources/HSSwiftExtensions/PreferencesWindowController.swift:311; header declarations Sources/HSExtensions/CosmicHammer/MJAccessibilityUtils.h:1
MJAccessibilityOpenPanel	native-bridge	MJAccessibilityOpenPanel	Sources/HSSwiftExtensions/AccessibilityUtils.swift:11	Sources/HSSwiftExtensions/LuaRuntime.swift:410 `if shouldprompt { MJAccessibilityOpenPanel() }`; Sources/HSSwiftExtensions/PreferencesWindowController.swift:335 `MJAccessibilityOpenPanel()`	same-target Swift identity; C export ABI statically unconsumed	typed Accessibility permission service seam	No active in-repo C/ObjC or project-symbol dlsym consumer found; user/site dylibs and downstream clients of public static headers remain external/dynamic unknown.	Sources/HSSwiftExtensions/AccessibilityUtils.swift:11 declaration; callers Sources/HSSwiftExtensions/LuaRuntime.swift:410, Sources/HSSwiftExtensions/PreferencesWindowController.swift:335; header declarations Sources/HSExtensions/CosmicHammer/MJAccessibilityUtils.h:2
init_CRC32	algorithm-export	init_CRC32	Sources/HSSwiftExtensions/Algorithms.swift:7	[Tests/CosmicHammerTests/TigerStyleSystemBTests.swift:testCRC32DigestLength() — Swift identity init_CRC32(nil) at line 58]	Swift-identity test-only; C export ABI statically unconsumed	typed internal test seam (current Hash.swift private HashEntry/HSHashObjectNew path); exact owner deferred to Decide Algorithms.swift ownership and deletion	External or dynamic C/ObjC/FFI/dlsym callers are not ruled out by static source search.	[Algorithms.swift:7-8](Sources/HSSwiftExtensions/Algorithms.swift#L7-L8) declares @_cdecl init_CRC32; [TigerStyleSystemBTests.swift:57-61](Tests/CosmicHammerTests/TigerStyleSystemBTests.swift#L57-L61) calls the Swift identity; [Hash.swift:224-250](Sources/HSSwiftExtensions/Hash.swift#L224-L250) and [Hash.swift:450-451](Sources/HSSwiftExtensions/Hash.swift#L450-L451) are a separate typed CRC32 path, not a call to init_CRC32.
append_CRC32	algorithm-export	append_CRC32	Sources/HSSwiftExtensions/Algorithms.swift:14	[Tests/CosmicHammerTests/TigerStyleSystemBTests.swift:testCRC32DigestLength() — Swift identity append_CRC32(ctx, data as NSData) at line 60]	Swift-identity test-only; C export ABI statically unconsumed	typed internal test seam (current Hash.swift private HashEntry/HSHashObjectNew path); exact owner deferred to Decide Algorithms.swift ownership and deletion	External or dynamic C/ObjC/FFI/dlsym callers are not ruled out by static source search.	[Algorithms.swift:14-15](Sources/HSSwiftExtensions/Algorithms.swift#L14-L15) declares @_cdecl append_CRC32; [TigerStyleSystemBTests.swift:57-61](Tests/CosmicHammerTests/TigerStyleSystemBTests.swift#L57-L61) is the only identity call; [Hash.swift:229-237](Sources/HSSwiftExtensions/Hash.swift#L229-L237) and [Hash.swift:450-451](Sources/HSSwiftExtensions/Hash.swift#L450-L451) use distinct typed crc32Append.
finish_CRC32	algorithm-export	finish_CRC32	Sources/HSSwiftExtensions/Algorithms.swift:21	[Tests/CosmicHammerTests/TigerStyleSystemBTests.swift:testCRC32DigestLength() — Swift identity finish_CRC32(ctx) at line 61]	Swift-identity test-only; C export ABI statically unconsumed	typed internal test seam (current Hash.swift private HashEntry/HSHashObjectNew path); exact owner deferred to Decide Algorithms.swift ownership and deletion	External or dynamic C/ObjC/FFI/dlsym callers are not ruled out by static source search.	[Algorithms.swift:21-22](Sources/HSSwiftExtensions/Algorithms.swift#L21-L22) declares @_cdecl finish_CRC32; [TigerStyleSystemBTests.swift:57-63](Tests/CosmicHammerTests/TigerStyleSystemBTests.swift#L57-L63) calls the Swift identity (the line-62 comment is not a caller); [Hash.swift:239-250](Sources/HSSwiftExtensions/Hash.swift#L239-L250) and [Hash.swift:450-451](Sources/HSSwiftExtensions/Hash.swift#L450-L451) use distinct typed crc32Finish.
init_MD2	algorithm-export	init_MD2	Sources/HSSwiftExtensions/Algorithms.swift:41	[]	dead — C export ABI statically unconsumed; Swift identity unreferenced	no replacement required if implementation is deleted; ownership deferred	No active-tree caller was found, but external or dynamic C/ObjC/FFI/dlsym users are not statically ruled out.	[Algorithms.swift:41-42](Sources/HSSwiftExtensions/Algorithms.swift#L41-L42) is declaration-only in active source; exact identity and quoted C-symbol searches found no caller; [Hash.swift:450-463](Sources/HSSwiftExtensions/Hash.swift#L450-L463) has no MD2 HashEntry.
append_MD2	algorithm-export	append_MD2	Sources/HSSwiftExtensions/Algorithms.swift:48	[]	dead — C export ABI statically unconsumed; Swift identity unreferenced	no replacement required if implementation is deleted; ownership deferred	No active-tree caller was found, but external or dynamic C/ObjC/FFI/dlsym users are not statically ruled out.	[Algorithms.swift:48-49](Sources/HSSwiftExtensions/Algorithms.swift#L48-L49) is declaration-only; exact identity and quoted C-symbol searches found no caller; [Hash.swift:450-463](Sources/HSSwiftExtensions/Hash.swift#L450-L463) has no MD2 typed entry.
finish_MD2	algorithm-export	finish_MD2	Sources/HSSwiftExtensions/Algorithms.swift:54	[]	dead — C export ABI statically unconsumed; Swift identity unreferenced	no replacement required if implementation is deleted; ownership deferred	No active-tree caller was found, but external or dynamic C/ObjC/FFI/dlsym users are not statically ruled out.	[Algorithms.swift:54-55](Sources/HSSwiftExtensions/Algorithms.swift#L54-L55) is declaration-only; exact identity and quoted C-symbol searches found no caller; [Hash.swift:450-463](Sources/HSSwiftExtensions/Hash.swift#L450-L463) has no MD2 typed entry.
init_MD4	algorithm-export	init_MD4	Sources/HSSwiftExtensions/Algorithms.swift:65	[]	dead — C export ABI statically unconsumed; Swift identity unreferenced	no replacement required if implementation is deleted; ownership deferred	No active-tree caller was found, but external or dynamic C/ObjC/FFI/dlsym users are not statically ruled out.	[Algorithms.swift:65-66](Sources/HSSwiftExtensions/Algorithms.swift#L65-L66) is declaration-only; exact identity and quoted C-symbol searches found no caller; [Hash.swift:450-463](Sources/HSSwiftExtensions/Hash.swift#L450-L463) has no MD4 HashEntry.
append_MD4	algorithm-export	append_MD4	Sources/HSSwiftExtensions/Algorithms.swift:72	[]	dead — C export ABI statically unconsumed; Swift identity unreferenced	no replacement required if implementation is deleted; ownership deferred	No active-tree caller was found, but external or dynamic C/ObjC/FFI/dlsym users are not statically ruled out.	[Algorithms.swift:72-73](Sources/HSSwiftExtensions/Algorithms.swift#L72-L73) is declaration-only; exact identity and quoted C-symbol searches found no caller; [Hash.swift:450-463](Sources/HSSwiftExtensions/Hash.swift#L450-L463) has no MD4 typed entry.
finish_MD4	algorithm-export	finish_MD4	Sources/HSSwiftExtensions/Algorithms.swift:78	[]	dead — C export ABI statically unconsumed; Swift identity unreferenced	no replacement required if implementation is deleted; ownership deferred	No active-tree caller was found, but external or dynamic C/ObjC/FFI/dlsym users are not statically ruled out.	[Algorithms.swift:78-79](Sources/HSSwiftExtensions/Algorithms.swift#L78-L79) is declaration-only; exact identity and quoted C-symbol searches found no caller; [Hash.swift:450-463](Sources/HSSwiftExtensions/Hash.swift#L450-L463) has no MD4 typed entry.
init_MD5	algorithm-export	init_MD5	Sources/HSSwiftExtensions/Algorithms.swift:89	[]	dead — C export ABI statically unconsumed; Swift identity unreferenced	no replacement required if implementation is deleted; ownership deferred	No active-tree caller was found, but external or dynamic C/ObjC/FFI/dlsym users are not statically ruled out.	[Algorithms.swift:89-90](Sources/HSSwiftExtensions/Algorithms.swift#L89-L90) is declaration-only; exact identity and quoted C-symbol searches found no caller; production uses distinct private [Hash.swift:254-274](Sources/HSSwiftExtensions/Hash.swift#L254-L274) md5Init/md5Append/md5Finish through [Hash.swift:450-452](Sources/HSSwiftExtensions/Hash.swift#L450-L452).
append_MD5	algorithm-export	append_MD5	Sources/HSSwiftExtensions/Algorithms.swift:96	[]	dead — C export ABI statically unconsumed; Swift identity unreferenced	no replacement required if implementation is deleted; ownership deferred	No active-tree caller was found, but external or dynamic C/ObjC/FFI/dlsym users are not statically ruled out.	[Algorithms.swift:96-97](Sources/HSSwiftExtensions/Algorithms.swift#L96-L97) is declaration-only; exact identity and quoted C-symbol searches found no caller; production uses distinct private md5Append in [Hash.swift:260-266](Sources/HSSwiftExtensions/Hash.swift#L260-L266), wired at [Hash.swift:450-452](Sources/HSSwiftExtensions/Hash.swift#L450-L452).
finish_MD5	algorithm-export	finish_MD5	Sources/HSSwiftExtensions/Algorithms.swift:102	[]	dead — C export ABI statically unconsumed; Swift identity unreferenced	no replacement required if implementation is deleted; ownership deferred	No active-tree caller was found, but external or dynamic C/ObjC/FFI/dlsym users are not statically ruled out.	[Algorithms.swift:102-103](Sources/HSSwiftExtensions/Algorithms.swift#L102-L103) is declaration-only; exact identity and quoted C-symbol searches found no caller; production uses distinct private md5Finish in [Hash.swift:268-273](Sources/HSSwiftExtensions/Hash.swift#L268-L273), wired at [Hash.swift:450-452](Sources/HSSwiftExtensions/Hash.swift#L450-L452).
init_SHA1	algorithm-export	init_SHA1	Sources/HSSwiftExtensions/Algorithms.swift:115	[]	dead — C export ABI statically unconsumed; Swift identity unreferenced	no replacement required if implementation is deleted; ownership deferred	No active-tree caller was found, but external or dynamic C/ObjC/FFI/dlsym users are not statically ruled out.	[Algorithms.swift:115-116](Sources/HSSwiftExtensions/Algorithms.swift#L115-L116) is declaration-only; exact identity and quoted C-symbol searches found no caller; production uses distinct private [Hash.swift:278-298](Sources/HSSwiftExtensions/Hash.swift#L278-L298) sha1 callbacks through [Hash.swift:450-453](Sources/HSSwiftExtensions/Hash.swift#L450-L453).
append_SHA1	algorithm-export	append_SHA1	Sources/HSSwiftExtensions/Algorithms.swift:122	[]	dead — C export ABI statically unconsumed; Swift identity unreferenced	no replacement required if implementation is deleted; ownership deferred	No active-tree caller was found, but external or dynamic C/ObjC/FFI/dlsym users are not statically ruled out.	[Algorithms.swift:122-123](Sources/HSSwiftExtensions/Algorithms.swift#L122-L123) is declaration-only; exact identity and quoted C-symbol searches found no caller; distinct typed sha1Append is at [Hash.swift:284-290](Sources/HSSwiftExtensions/Hash.swift#L284-L290), wired at [Hash.swift:450-453](Sources/HSSwiftExtensions/Hash.swift#L450-L453).
finish_SHA1	algorithm-export	finish_SHA1	Sources/HSSwiftExtensions/Algorithms.swift:128	[]	dead — C export ABI statically unconsumed; Swift identity unreferenced	no replacement required if implementation is deleted; ownership deferred	No active-tree caller was found, but external or dynamic C/ObjC/FFI/dlsym users are not statically ruled out.	[Algorithms.swift:128-129](Sources/HSSwiftExtensions/Algorithms.swift#L128-L129) is declaration-only; exact identity and quoted C-symbol searches found no caller; distinct typed sha1Finish is at [Hash.swift:292-297](Sources/HSSwiftExtensions/Hash.swift#L292-L297), wired at [Hash.swift:450-453](Sources/HSSwiftExtensions/Hash.swift#L450-L453).
init_SHA224	algorithm-export	init_SHA224	Sources/HSSwiftExtensions/Algorithms.swift:139	[]	dead — C export ABI statically unconsumed; Swift identity unreferenced	no replacement required if implementation is deleted; ownership deferred	No active-tree caller was found, but external or dynamic C/ObjC/FFI/dlsym users are not statically ruled out.	[Algorithms.swift:139-140](Sources/HSSwiftExtensions/Algorithms.swift#L139-L140) is declaration-only; exact identity and quoted C-symbol searches found no caller; [Hash.swift:450-463](Sources/HSSwiftExtensions/Hash.swift#L450-L463) has no SHA224 typed entry.
append_SHA224	algorithm-export	append_SHA224	Sources/HSSwiftExtensions/Algorithms.swift:146	[]	dead — C export ABI statically unconsumed; Swift identity unreferenced	no replacement required if implementation is deleted; ownership deferred	No active-tree caller was found, but external or dynamic C/ObjC/FFI/dlsym users are not statically ruled out.	[Algorithms.swift:146-147](Sources/HSSwiftExtensions/Algorithms.swift#L146-L147) is declaration-only; exact identity and quoted C-symbol searches found no caller; [Hash.swift:450-463](Sources/HSSwiftExtensions/Hash.swift#L450-L463) has no SHA224 typed entry.
finish_SHA224	algorithm-export	finish_SHA224	Sources/HSSwiftExtensions/Algorithms.swift:152	[]	dead — C export ABI statically unconsumed; Swift identity unreferenced	no replacement required if implementation is deleted; ownership deferred	No active-tree caller was found, but external or dynamic C/ObjC/FFI/dlsym users are not statically ruled out.	[Algorithms.swift:152-153](Sources/HSSwiftExtensions/Algorithms.swift#L152-L153) is declaration-only; exact identity and quoted C-symbol searches found no caller; [Hash.swift:450-463](Sources/HSSwiftExtensions/Hash.swift#L450-L463) has no SHA224 typed entry.
init_SHA256	algorithm-export	init_SHA256	Sources/HSSwiftExtensions/Algorithms.swift:163	[Tests/CosmicHammerTests/TigerStyleSystemBTests.swift:testSHA256DigestLength() — Swift identity init_SHA256(nil) at line 67]	Swift-identity test-only; C export ABI statically unconsumed	typed internal test seam (current Hash.swift private HashEntry/HSHashObjectNew path); exact owner deferred to Decide Algorithms.swift ownership and deletion	External or dynamic C/ObjC/FFI/dlsym callers are not ruled out by static source search.	[Algorithms.swift:163-164](Sources/HSSwiftExtensions/Algorithms.swift#L163-L164) declares @_cdecl init_SHA256; [TigerStyleSystemBTests.swift:66-70](Tests/CosmicHammerTests/TigerStyleSystemBTests.swift#L66-L70) calls the Swift identity; [Hash.swift:302-322](Sources/HSSwiftExtensions/Hash.swift#L302-L322) and [Hash.swift:450-454](Sources/HSSwiftExtensions/Hash.swift#L450-L454) are a separate typed SHA256 path.
append_SHA256	algorithm-export	append_SHA256	Sources/HSSwiftExtensions/Algorithms.swift:170	[Tests/CosmicHammerTests/TigerStyleSystemBTests.swift:testSHA256DigestLength() — Swift identity append_SHA256(ctx, data as NSData) at line 69]	Swift-identity test-only; C export ABI statically unconsumed	typed internal test seam (current Hash.swift private HashEntry/HSHashObjectNew path); exact owner deferred to Decide Algorithms.swift ownership and deletion	External or dynamic C/ObjC/FFI/dlsym callers are not ruled out by static source search.	[Algorithms.swift:170-171](Sources/HSSwiftExtensions/Algorithms.swift#L170-L171) declares @_cdecl append_SHA256; [TigerStyleSystemBTests.swift:66-70](Tests/CosmicHammerTests/TigerStyleSystemBTests.swift#L66-L70) is the only identity call; distinct typed sha256Append is at [Hash.swift:308-314](Sources/HSSwiftExtensions/Hash.swift#L308-L314), wired at [Hash.swift:450-454](Sources/HSSwiftExtensions/Hash.swift#L450-L454).
finish_SHA256	algorithm-export	finish_SHA256	Sources/HSSwiftExtensions/Algorithms.swift:176	[Tests/CosmicHammerTests/TigerStyleSystemBTests.swift:testSHA256DigestLength() — Swift identity finish_SHA256(ctx) at line 70]	Swift-identity test-only; C export ABI statically unconsumed	typed internal test seam (current Hash.swift private HashEntry/HSHashObjectNew path); exact owner deferred to Decide Algorithms.swift ownership and deletion	External or dynamic C/ObjC/FFI/dlsym callers are not ruled out by static source search.	[Algorithms.swift:176-177](Sources/HSSwiftExtensions/Algorithms.swift#L176-L177) declares @_cdecl finish_SHA256; [TigerStyleSystemBTests.swift:66-72](Tests/CosmicHammerTests/TigerStyleSystemBTests.swift#L66-L72) calls the Swift identity (line 71 is only an assertion comment); distinct typed sha256Finish is at [Hash.swift:316-322](Sources/HSSwiftExtensions/Hash.swift#L316-L322), wired at [Hash.swift:450-454](Sources/HSSwiftExtensions/Hash.swift#L450-L454).
init_SHA384	algorithm-export	init_SHA384	Sources/HSSwiftExtensions/Algorithms.swift:189	[]	dead — C export ABI statically unconsumed; Swift identity unreferenced	no replacement required if implementation is deleted; ownership deferred	No active-tree caller was found, but external or dynamic C/ObjC/FFI/dlsym users are not statically ruled out.	[Algorithms.swift:189-190](Sources/HSSwiftExtensions/Algorithms.swift#L189-L190) is declaration-only; exact identity and quoted C-symbol searches found no caller; [Hash.swift:450-463](Sources/HSSwiftExtensions/Hash.swift#L450-L463) has no SHA384 typed entry.
append_SHA384	algorithm-export	append_SHA384	Sources/HSSwiftExtensions/Algorithms.swift:196	[]	dead — C export ABI statically unconsumed; Swift identity unreferenced	no replacement required if implementation is deleted; ownership deferred	No active-tree caller was found, but external or dynamic C/ObjC/FFI/dlsym users are not statically ruled out.	[Algorithms.swift:196-197](Sources/HSSwiftExtensions/Algorithms.swift#L196-L197) is declaration-only; exact identity and quoted C-symbol searches found no caller; [Hash.swift:450-463](Sources/HSSwiftExtensions/Hash.swift#L450-L463) has no SHA384 typed entry.
finish_SHA384	algorithm-export	finish_SHA384	Sources/HSSwiftExtensions/Algorithms.swift:202	[]	dead — C export ABI statically unconsumed; Swift identity unreferenced	no replacement required if implementation is deleted; ownership deferred	No active-tree caller was found, but external or dynamic C/ObjC/FFI/dlsym users are not statically ruled out.	[Algorithms.swift:202-203](Sources/HSSwiftExtensions/Algorithms.swift#L202-L203) is declaration-only; exact identity and quoted C-symbol searches found no caller; [Hash.swift:450-463](Sources/HSSwiftExtensions/Hash.swift#L450-L463) has no SHA384 typed entry.
init_SHA512	algorithm-export	init_SHA512	Sources/HSSwiftExtensions/Algorithms.swift:213	[]	dead — C export ABI statically unconsumed; Swift identity unreferenced	no replacement required if implementation is deleted; ownership deferred	No active-tree caller was found, but external or dynamic C/ObjC/FFI/dlsym users are not statically ruled out.	[Algorithms.swift:213-214](Sources/HSSwiftExtensions/Algorithms.swift#L213-L214) is declaration-only; exact identity and quoted C-symbol searches found no caller; production uses distinct private [Hash.swift:326-346](Sources/HSSwiftExtensions/Hash.swift#L326-L346) sha512 callbacks through [Hash.swift:450-455](Sources/HSSwiftExtensions/Hash.swift#L450-L455).
append_SHA512	algorithm-export	append_SHA512	Sources/HSSwiftExtensions/Algorithms.swift:220	[]	dead — C export ABI statically unconsumed; Swift identity unreferenced	no replacement required if implementation is deleted; ownership deferred	No active-tree caller was found, but external or dynamic C/ObjC/FFI/dlsym users are not statically ruled out.	[Algorithms.swift:220-221](Sources/HSSwiftExtensions/Algorithms.swift#L220-L221) is declaration-only; exact identity and quoted C-symbol searches found no caller; distinct typed sha512Append is at [Hash.swift:332-338](Sources/HSSwiftExtensions/Hash.swift#L332-L338), wired at [Hash.swift:450-455](Sources/HSSwiftExtensions/Hash.swift#L450-L455).
finish_SHA512	algorithm-export	finish_SHA512	Sources/HSSwiftExtensions/Algorithms.swift:226	[]	dead — C export ABI statically unconsumed; Swift identity unreferenced	no replacement required if implementation is deleted; ownership deferred	No active-tree caller was found, but external or dynamic C/ObjC/FFI/dlsym users are not statically ruled out.	[Algorithms.swift:226-227](Sources/HSSwiftExtensions/Algorithms.swift#L226-L227) is declaration-only; exact identity and quoted C-symbol searches found no caller; distinct typed sha512Finish is at [Hash.swift:340-346](Sources/HSSwiftExtensions/Hash.swift#L340-L346), wired at [Hash.swift:450-455](Sources/HSSwiftExtensions/Hash.swift#L450-L455).
init_hmacMD5	algorithm-export	init_hmacMD5	Sources/HSSwiftExtensions/Algorithms.swift:239	[]	dead — C export ABI statically unconsumed; Swift identity unreferenced	no replacement required if implementation is deleted; ownership deferred	No active-tree caller was found, but external or dynamic C/ObjC/FFI/dlsym users are not statically ruled out.	[Algorithms.swift:239-240](Sources/HSSwiftExtensions/Algorithms.swift#L239-L240) is declaration-only; exact identity and quoted C-symbol searches found no caller; distinct private hmacMD5Init is at [Hash.swift:383-385](Sources/HSSwiftExtensions/Hash.swift#L383-L385), wired at [Hash.swift:450-456](Sources/HSSwiftExtensions/Hash.swift#L450-L456).
finish_hmacMD5	algorithm-export	finish_hmacMD5	Sources/HSSwiftExtensions/Algorithms.swift:246	[]	dead — C export ABI statically unconsumed; Swift identity unreferenced	no replacement required if implementation is deleted; ownership deferred	No active-tree caller was found, but external or dynamic C/ObjC/FFI/dlsym users are not statically ruled out.	[Algorithms.swift:246-247](Sources/HSSwiftExtensions/Algorithms.swift#L246-L247) is declaration-only; exact identity and quoted C-symbol searches found no caller; distinct private hmacMD5Finish is at [Hash.swift:383-385](Sources/HSSwiftExtensions/Hash.swift#L383-L385), wired at [Hash.swift:450-456](Sources/HSSwiftExtensions/Hash.swift#L450-L456).
init_hmacSHA1	algorithm-export	init_hmacSHA1	Sources/HSSwiftExtensions/Algorithms.swift:257	[]	dead — C export ABI statically unconsumed; Swift identity unreferenced	no replacement required if implementation is deleted; ownership deferred	No active-tree caller was found, but external or dynamic C/ObjC/FFI/dlsym users are not statically ruled out.	[Algorithms.swift:257-258](Sources/HSSwiftExtensions/Algorithms.swift#L257-L258) is declaration-only; exact identity and quoted C-symbol searches found no caller; distinct private hmacSHA1Init is at [Hash.swift:387-389](Sources/HSSwiftExtensions/Hash.swift#L387-L389), wired at [Hash.swift:450-457](Sources/HSSwiftExtensions/Hash.swift#L450-L457).
finish_hmacSHA1	algorithm-export	finish_hmacSHA1	Sources/HSSwiftExtensions/Algorithms.swift:264	[]	dead — C export ABI statically unconsumed; Swift identity unreferenced	no replacement required if implementation is deleted; ownership deferred	No active-tree caller was found, but external or dynamic C/ObjC/FFI/dlsym users are not statically ruled out.	[Algorithms.swift:264-265](Sources/HSSwiftExtensions/Algorithms.swift#L264-L265) is declaration-only; exact identity and quoted C-symbol searches found no caller; distinct private hmacSHA1Finish is at [Hash.swift:387-389](Sources/HSSwiftExtensions/Hash.swift#L387-L389), wired at [Hash.swift:450-457](Sources/HSSwiftExtensions/Hash.swift#L450-L457).
init_hmacSHA224	algorithm-export	init_hmacSHA224	Sources/HSSwiftExtensions/Algorithms.swift:275	[]	dead — C export ABI statically unconsumed; Swift identity unreferenced	no replacement required if implementation is deleted; ownership deferred	No active-tree caller was found, but external or dynamic C/ObjC/FFI/dlsym users are not statically ruled out.	[Algorithms.swift:275-276](Sources/HSSwiftExtensions/Algorithms.swift#L275-L276) is declaration-only; exact identity and quoted C-symbol searches found no caller; [Hash.swift:450-463](Sources/HSSwiftExtensions/Hash.swift#L450-L463) has no hmacSHA224 typed entry.
finish_hmacSHA224	algorithm-export	finish_hmacSHA224	Sources/HSSwiftExtensions/Algorithms.swift:282	[]	dead — C export ABI statically unconsumed; Swift identity unreferenced	no replacement required if implementation is deleted; ownership deferred	No active-tree caller was found, but external or dynamic C/ObjC/FFI/dlsym users are not statically ruled out.	[Algorithms.swift:282-283](Sources/HSSwiftExtensions/Algorithms.swift#L282-L283) is declaration-only; exact identity and quoted C-symbol searches found no caller; [Hash.swift:450-463](Sources/HSSwiftExtensions/Hash.swift#L450-L463) has no hmacSHA224 typed entry.
init_hmacSHA256	algorithm-export	init_hmacSHA256	Sources/HSSwiftExtensions/Algorithms.swift:293	[]	dead — C export ABI statically unconsumed; Swift identity unreferenced	no replacement required if implementation is deleted; ownership deferred	No active-tree caller was found, but external or dynamic C/ObjC/FFI/dlsym users are not statically ruled out.	[Algorithms.swift:293-294](Sources/HSSwiftExtensions/Algorithms.swift#L293-L294) is declaration-only; exact identity and quoted C-symbol searches found no caller; distinct private hmacSHA256Init is at [Hash.swift:391-393](Sources/HSSwiftExtensions/Hash.swift#L391-L393), wired at [Hash.swift:450-458](Sources/HSSwiftExtensions/Hash.swift#L450-L458).
finish_hmacSHA256	algorithm-export	finish_hmacSHA256	Sources/HSSwiftExtensions/Algorithms.swift:300	[]	dead — C export ABI statically unconsumed; Swift identity unreferenced	no replacement required if implementation is deleted; ownership deferred	No active-tree caller was found, but external or dynamic C/ObjC/FFI/dlsym users are not statically ruled out.	[Algorithms.swift:300-301](Sources/HSSwiftExtensions/Algorithms.swift#L300-L301) is declaration-only; exact identity and quoted C-symbol searches found no caller; distinct private hmacSHA256Finish is at [Hash.swift:391-393](Sources/HSSwiftExtensions/Hash.swift#L391-L393), wired at [Hash.swift:450-458](Sources/HSSwiftExtensions/Hash.swift#L450-L458).
init_hmacSHA384	algorithm-export	init_hmacSHA384	Sources/HSSwiftExtensions/Algorithms.swift:311	[]	dead — C export ABI statically unconsumed; Swift identity unreferenced	no replacement required if implementation is deleted; ownership deferred	No active-tree caller was found, but external or dynamic C/ObjC/FFI/dlsym users are not statically ruled out.	[Algorithms.swift:311-312](Sources/HSSwiftExtensions/Algorithms.swift#L311-L312) is declaration-only; exact identity and quoted C-symbol searches found no caller; [Hash.swift:450-463](Sources/HSSwiftExtensions/Hash.swift#L450-L463) has no hmacSHA384 typed entry.
finish_hmacSHA384	algorithm-export	finish_hmacSHA384	Sources/HSSwiftExtensions/Algorithms.swift:318	[]	dead — C export ABI statically unconsumed; Swift identity unreferenced	no replacement required if implementation is deleted; ownership deferred	No active-tree caller was found, but external or dynamic C/ObjC/FFI/dlsym users are not statically ruled out.	[Algorithms.swift:318-319](Sources/HSSwiftExtensions/Algorithms.swift#L318-L319) is declaration-only; exact identity and quoted C-symbol searches found no caller; [Hash.swift:450-463](Sources/HSSwiftExtensions/Hash.swift#L450-L463) has no hmacSHA384 typed entry.
init_hmacSHA512	algorithm-export	init_hmacSHA512	Sources/HSSwiftExtensions/Algorithms.swift:329	[]	dead — C export ABI statically unconsumed; Swift identity unreferenced	no replacement required if implementation is deleted; ownership deferred	No active-tree caller was found, but external or dynamic C/ObjC/FFI/dlsym users are not statically ruled out.	[Algorithms.swift:329-330](Sources/HSSwiftExtensions/Algorithms.swift#L329-L330) is declaration-only; exact identity and quoted C-symbol searches found no caller; distinct private hmacSHA512Init is at [Hash.swift:395-397](Sources/HSSwiftExtensions/Hash.swift#L395-L397), wired at [Hash.swift:450-459](Sources/HSSwiftExtensions/Hash.swift#L450-L459).
finish_hmacSHA512	algorithm-export	finish_hmacSHA512	Sources/HSSwiftExtensions/Algorithms.swift:336	[]	dead — C export ABI statically unconsumed; Swift identity unreferenced	no replacement required if implementation is deleted; ownership deferred	No active-tree caller was found, but external or dynamic C/ObjC/FFI/dlsym users are not statically ruled out.	[Algorithms.swift:336-337](Sources/HSSwiftExtensions/Algorithms.swift#L336-L337) is declaration-only; exact identity and quoted C-symbol searches found no caller; distinct private hmacSHA512Finish is at [Hash.swift:395-397](Sources/HSSwiftExtensions/Hash.swift#L395-L397), wired at [Hash.swift:450-459](Sources/HSSwiftExtensions/Hash.swift#L450-L459).
append_hmac	algorithm-export	append_hmac	Sources/HSSwiftExtensions/Algorithms.swift:347	[]	dead — C export ABI statically unconsumed; Swift identity unreferenced	no replacement required if implementation is deleted; ownership deferred	No active-tree caller was found, but external or dynamic C/ObjC/FFI/dlsym users are not statically ruled out.	[Algorithms.swift:347-350](Sources/HSSwiftExtensions/Algorithms.swift#L347-L350) is declaration-only; exact identity and quoted C-symbol searches found no caller; production's distinct private hmacAppend is at [Hash.swift:349-357](Sources/HSSwiftExtensions/Hash.swift#L349-L357), wired at [Hash.swift:450-459](Sources/HSSwiftExtensions/Hash.swift#L450-L459).
launchCosmicHammer	app-bootstrap	launchCosmicHammer	Sources/HSSwiftExtensions/AppDelegate.swift:544	Sources/HSApp/main.swift:6 `exit(launchCosmicHammer())`	cross-SPM-target Swift identity; C export ABI required only by current @_silgen_name bridge	public typed AppBootstrap.run(); add direct HSApp -> HSSwiftExtensions dependency	No active in-repo C/ObjC or project-symbol dlsym consumer found; user/site dylibs and downstream clients of public static headers remain external/dynamic unknown.	Sources/HSSwiftExtensions/AppDelegate.swift:544 declaration; callers Sources/HSApp/main.swift:6
luaopen_hs_libapplication	lua-entrypoint	luaopen_hs_libapplication_new	Sources/HSSwiftExtensions/Application.swift:1048	G=13/299 via R and RT; L(extensions/_coresetup/_coresetup.lua:814) and L(extensions/application/application.lua:5); T(Tests/CosmicHammerTests/DSTApplicationTests.swift:345; TigerStyleSystemATests.swift:11)	generated package.preload plus Lua require plus test typed references	typed NativeModuleRegistry entry for hs.libapplication	No other active-source callers found; external/dlsym use cannot be disproved	Sources/HSSwiftExtensions/Application.swift:1048; G=13/299; H=13; M=13; D=10/106; L=extensions/_coresetup/_coresetup.lua:814 and extensions/application/application.lua:5; T as listed.
luaopen_hs_libapplicationwatcher	lua-entrypoint	luaopen_hs_libapplicationwatcher	Sources/HSSwiftExtensions/ApplicationWatcher.swift:169	G=16/300 via R and RT; L(extensions/application/application.lua:6) and L(extensions/uielement/uielement.lua:8) through hs.application.watcher alias; T(Tests/CosmicHammerTests/ApplicationWatcherTests.swift:10)	generated package.preload plus direct and aliased Lua requires plus test typed reference	typed NativeModuleRegistry entry for hs.libapplicationwatcher with alias hs.application.watcher	No other active-source callers found; external/dlsym use cannot be disproved	Sources/HSSwiftExtensions/ApplicationWatcher.swift:169; G=16/300; H=14; M=13; D=11/107; L as listed; T as listed; alias metadata extensions/_coresetup/_loader_metadata.lua:547/583.
luaopen_hs_libaudiodevice	lua-entrypoint	luaopen_hs_libaudiodevice	Sources/HSSwiftExtensions/Audiodevice.swift:1313	G=19/301 via R and RT; L(extensions/audiodevice/audiodevice.lua:10); T(Tests/CosmicHammerTests/EnvironmentDetachTests.swift:336)	generated package.preload plus Lua require plus test typed reference	typed NativeModuleRegistry entry for hs.libaudiodevice	No other active-source callers found; external/dlsym use cannot be disproved	Sources/HSSwiftExtensions/Audiodevice.swift:1313; G=19/301; H=15; M=14; D=12/108; L and T as listed.
luaopen_hs_libaudiodevicewatcher	lua-entrypoint	luaopen_hs_libaudiodevicewatcher	Sources/HSSwiftExtensions/AudiodeviceWatcher.swift:204	G=22/302 via R and RT; L(extensions/audiodevice/audiodevice.lua:11); T(Tests/CosmicHammerTests/AudiodeviceWatcherTests.swift:10; EnvironmentDetachTests.swift:295)	generated package.preload plus Lua require plus test typed references	typed NativeModuleRegistry entry for hs.libaudiodevicewatcher	No other active-source callers found; external/dlsym use cannot be disproved	Sources/HSSwiftExtensions/AudiodeviceWatcher.swift:204; G=22/302; H=16; M=14; D=13/109; L and T as listed.
MJAutoLaunchGet	native-bridge	MJAutoLaunchGet	Sources/HSSwiftExtensions/AutoLaunch.swift:6	Sources/HSSwiftExtensions/LuaRuntime.swift:184 `lua_pushboolean(L, MJAutoLaunchGet() ? 1 : 0)`; Sources/HSSwiftExtensions/PreferencesWindowController.swift:285 `openAtLoginCheckbox.state = MJAutoLaunchGet() ? .on : .off`; Sources/HSSwiftExtensions/PreferencesWindowController.swift:301 `self.openAtLoginCheckbox.state = MJAutoLaunchGet() ? .on : .off`	same-target Swift identity; C export ABI statically unconsumed	typed Environment.loginItem seam	No active in-repo C/ObjC or project-symbol dlsym consumer found; user/site dylibs and downstream clients of public static headers remain external/dynamic unknown.	Sources/HSSwiftExtensions/AutoLaunch.swift:6 declaration; callers Sources/HSSwiftExtensions/LuaRuntime.swift:184, Sources/HSSwiftExtensions/PreferencesWindowController.swift:285, Sources/HSSwiftExtensions/PreferencesWindowController.swift:301; header declarations Sources/HSExtensions/CosmicHammer/MJAutoLaunch.h:3
MJAutoLaunchSet	native-bridge	MJAutoLaunchSet	Sources/HSSwiftExtensions/AutoLaunch.swift:14	Sources/HSSwiftExtensions/LuaRuntime.swift:183 `if lua_isboolean(L, 1) { MJAutoLaunchSet(lua_toboolean(L, 1) != 0) }`; Sources/HSSwiftExtensions/PreferencesWindowController.swift:339 `MJAutoLaunchSet(sender.state == .on)`	same-target Swift identity; C export ABI statically unconsumed	typed Environment.loginItem seam	No active in-repo C/ObjC or project-symbol dlsym consumer found; user/site dylibs and downstream clients of public static headers remain external/dynamic unknown.	Sources/HSSwiftExtensions/AutoLaunch.swift:14 declaration; callers Sources/HSSwiftExtensions/LuaRuntime.swift:183, Sources/HSSwiftExtensions/PreferencesWindowController.swift:339; header declarations Sources/HSExtensions/CosmicHammer/MJAutoLaunch.h:4
luaopen_hs_libbase64	lua-entrypoint	luaopen_hs_libbase64	Sources/HSSwiftExtensions/Base64.swift:61	G=28/304 via R and RT; L(extensions/base64/base64.lua:8); T(Tests/CosmicHammerTests/Base64FunctionalTests.swift:8; ModuleRegistrationTests.swift:8)	generated package.preload plus Lua require plus test typed references	typed NativeModuleRegistry entry for hs.libbase64	No other active-source callers found; external/dlsym use cannot be disproved	Sources/HSSwiftExtensions/Base64.swift:61; G=28/304; H=18; M=16; D=15/111; L and T as listed.
luaopen_hs_libbattery	lua-entrypoint	luaopen_hs_libbattery	Sources/HSSwiftExtensions/Battery.swift:331	G=31/305 via R and RT; L(extensions/battery/battery.lua:9); T(Tests/CosmicHammerTests/DSTFaultInjectionTests.swift:1228)	generated package.preload plus Lua require plus test typed reference	typed NativeModuleRegistry entry for hs.libbattery	No other active-source callers found; external/dlsym use cannot be disproved	Sources/HSSwiftExtensions/Battery.swift:331; G=31/305; H=19; M=17; D=16/112; L and T as listed.
luaopen_hs_libbatterywatcher	lua-entrypoint	luaopen_hs_libbatterywatcher	Sources/HSSwiftExtensions/BatteryWatcher.swift:137	G=34/306 via R and RT; L(extensions/battery/battery.lua:51); T(Tests/CosmicHammerTests/BatteryWatcherTests.swift:10)	generated package.preload plus Lua require plus test typed reference	typed NativeModuleRegistry entry for hs.libbatterywatcher with hs.battery.watcher alias	No other active-source callers found; external/dlsym use cannot be disproved	Sources/HSSwiftExtensions/BatteryWatcher.swift:137; G=34/306; H=20; M=17; D=17/113; L and T as listed; alias metadata extensions/_coresetup/_loader_metadata.lua:549/585.
luaopen_hs_libbonjour	lua-entrypoint	luaopen_hs_libbonjour	Sources/HSSwiftExtensions/Bonjour.swift:191	G=37/307 via R and RT; L(extensions/bonjour/bonjour.lua:18); T(Tests/CosmicHammerTests/BonjourTests.swift:11)	generated package.preload plus Lua require plus test typed reference	typed NativeModuleRegistry entry for hs.libbonjour	No other active-source callers found; external/dlsym use cannot be disproved	Sources/HSSwiftExtensions/Bonjour.swift:191; G=37/307; H=21; M=18; D=18/114; L and T as listed.
luaopen_hs_libbonjourservice	lua-entrypoint	luaopen_hs_libbonjourservice	Sources/HSSwiftExtensions/BonjourService.swift:334	G=40/308 via R and RT; L(extensions/bonjour/bonjour.lua:19); S(Sources/HSSwiftExtensions/BonjourService.swift:93) luaL_requiref direct typed call; T(Tests/CosmicHammerTests/BonjourTests.swift:31)	generated package.preload plus Lua require plus direct Swift luaL_requiref plus test typed reference	typed NativeModuleRegistry entry for hs.libbonjourservice, with Bonjour service loader using the registry rather than luaL_requiref C symbol	No other active-source callers found; external/dlsym use cannot be disproved	Sources/HSSwiftExtensions/BonjourService.swift:334 and :92-94; G=40/308; H=22; M=18; D=19/115; L and T as listed.
luaopen_hs_libbrightness	lua-entrypoint	luaopen_hs_libbrightness	Sources/HSSwiftExtensions/Brightness.swift:174	G=43/309 via R and RT; L(extensions/brightness/brightness.lua:18); T(Tests/CosmicHammerTests/ModuleRegistrationTests.swift:23; DSTFaultInjectionTests.swift:18)	generated package.preload plus Lua require plus test typed references	typed NativeModuleRegistry entry for hs.libbrightness	No other active-source callers found; external/dlsym use cannot be disproved	Sources/HSSwiftExtensions/Brightness.swift:174; G=43/309; H=23; M=19; D=20/116; L and T as listed.
luaopen_hs_libcaffeinate	lua-entrypoint	luaopen_hs_libcaffeinate	Sources/HSSwiftExtensions/Caffeinate.swift:330	G=46/310 via R and RT; L(extensions/caffeinate/caffeinate.lua:7); no direct test typed call	generated package.preload plus Lua require	typed NativeModuleRegistry entry for hs.libcaffeinate	No other active-source callers found; external/dlsym use cannot be disproved	Sources/HSSwiftExtensions/Caffeinate.swift:330; G=46/310; H=24; M=20; D=21/117; L=extensions/caffeinate/caffeinate.lua:7.
luaopen_hs_libcaffeinatewatcher	lua-entrypoint	luaopen_hs_libcaffeinatewatcher	Sources/HSSwiftExtensions/CaffeinateWatcher.swift:230	G=49/311 via R and RT; L(extensions/caffeinate/caffeinate.lua:8); T(Tests/CosmicHammerTests/CaffeinateWatcherTests.swift:10)	generated package.preload plus Lua require plus test typed reference	typed NativeModuleRegistry entry for hs.libcaffeinatewatcher with hs.caffeinate.watcher alias	No other active-source callers found; external/dlsym use cannot be disproved	Sources/HSSwiftExtensions/CaffeinateWatcher.swift:230; G=49/311; H=25; M=20; D=22/118; L and T as listed; alias metadata extensions/_coresetup/_loader_metadata.lua:551/587.
luaopen_hs_libcamera	lua-entrypoint	luaopen_hs_libcamera	Sources/HSSwiftExtensions/Camera.swift:549	G=52/312 via R and RT; L(extensions/camera/camera.lua:5); T(Tests/CosmicHammerTests/CameraWatcherTests.swift:10)	generated package.preload plus Lua require plus test typed reference	typed NativeModuleRegistry entry for hs.libcamera	No other active-source callers found; external/dlsym use cannot be disproved	Sources/HSSwiftExtensions/Camera.swift:549; G=52/312; H=26; M=21; D=23/119; L and T as listed.
luaopen_hs_libcanvas	lua-entrypoint	luaopen_hs_libcanvas	Sources/HSSwiftExtensions/Canvas.swift:988	G=55/313 via R and RT; L(extensions/canvas/canvas.lua:120); T(Tests/CosmicHammerTests/CanvasCallbackGaugeTests.swift:7; CanvasValueConversionTests.swift:159; TigerStyleUITests.swift:90)	generated package.preload plus Lua require plus test typed references	typed NativeModuleRegistry entry for hs.libcanvas	No other active-source callers found; external/dlsym use cannot be disproved	Sources/HSSwiftExtensions/Canvas.swift:988; G=55/313; H=27; M=22; D=24/120; L and T as listed.
luaopen_hs_libcanvasmatrix	lua-entrypoint	luaopen_hs_libcanvasmatrix	Sources/HSSwiftExtensions/CanvasMatrix.swift:274	G=58/314 via R and RT; L(extensions/canvas/canvas_matrix.lua:18); no direct test typed call	generated package.preload plus Lua require	typed NativeModuleRegistry entry for hs.libcanvasmatrix with hs.canvas.matrix alias	No other active-source callers found; external/dlsym use cannot be disproved	Sources/HSSwiftExtensions/CanvasMatrix.swift:274; G=58/314; H=28; M=22; D=25/121; L=extensions/canvas/canvas_matrix.lua:18; alias metadata extensions/_coresetup/_loader_metadata.lua:552.
luaopen_hs_libchooser	lua-entrypoint	luaopen_hs_libchooser	Sources/HSSwiftExtensions/ChooserLegacy.swift:912	G=61/315 via R and RT; L(extensions/chooser/chooser.lua:10); T(Tests/CosmicHammerTests/ChooserCallbackGaugeTests.swift:10)	generated package.preload plus Lua require plus test typed reference	typed NativeModuleRegistry entry for hs.libchooser	No other active-source callers found; external/dlsym use cannot be disproved	Sources/HSSwiftExtensions/ChooserLegacy.swift:912; G=61/315; H=29; M=23; D=26/122; L and T as listed.
MJConfigFileGet	native-bridge	MJConfigFileGet	Sources/HSSwiftExtensions/ConfigUtils.swift:5	Sources/HSSwiftExtensions/LuaRuntime.swift:1065 `configFileDisplayPath: MJConfigFileGet() as String,`; Tests/CosmicHammerTests/AppLifecycleTests.swift:25 `let previousConfig = MJConfigFileGet()`; Tests/CosmicHammerTests/AppLifecycleTests.swift:43 `let previousConfig = MJConfigFileGet()`	same-target Swift plus test-only Swift identity; C export ABI statically unconsumed	typed ConfigPath/AppLifecycle property seam	No active in-repo C/ObjC or project-symbol dlsym consumer found; user/site dylibs and downstream clients of public static headers remain external/dynamic unknown.	Sources/HSSwiftExtensions/ConfigUtils.swift:5 declaration; callers Sources/HSSwiftExtensions/LuaRuntime.swift:1065, Tests/CosmicHammerTests/AppLifecycleTests.swift:25, Tests/CosmicHammerTests/AppLifecycleTests.swift:43; header declarations Sources/HSExtensions/CosmicHammer/variables.h:11, Sources/HSExtensions/CosmicHammer/variables.h:13
MJConfigFileSet	native-bridge	MJConfigFileSet	Sources/HSSwiftExtensions/ConfigUtils.swift:10	"Sources/HSSwiftExtensions/AppDelegate.swift:419 `MJConfigFileSet(FileManager.default.string(withFileSystemRepresentation: fsPath, length: strlen(fsPath)) as NSString)`; Sources/HSSwiftExtensions/AppDelegate.swift:430 `MJConfigFileSet(FileManager.default.string(withFileSystemRepresentation: fsPath, length: strlen(fsPath)) as NSString)`; Sources/HSSwiftExtensions/AppLifecycle.swift:46 `MJConfigFileSet(userConfigFile as NSString)`; Tests/CosmicHammerTests/AppLifecycleTests.swift:27 `MJConfigFileSet(previousConfig)`; Tests/CosmicHammerTests/AppLifecycleTests.swift:45 `MJConfigFileSet(previousConfig)`; Tests/CosmicHammerTests/AppLifecycleTests.swift:49 `MJConfigFileSet(blocker.appendingPathComponent(""init.lua"").path as NSString)`"	same-target Swift plus test-only Swift identity; C export ABI statically unconsumed	typed ConfigPath/AppLifecycle property seam	No active in-repo C/ObjC or project-symbol dlsym consumer found; user/site dylibs and downstream clients of public static headers remain external/dynamic unknown.	Sources/HSSwiftExtensions/ConfigUtils.swift:10 declaration; callers Sources/HSSwiftExtensions/AppDelegate.swift:419, Sources/HSSwiftExtensions/AppDelegate.swift:430, Sources/HSSwiftExtensions/AppLifecycle.swift:46, Tests/CosmicHammerTests/AppLifecycleTests.swift:27, Tests/CosmicHammerTests/AppLifecycleTests.swift:45, Tests/CosmicHammerTests/AppLifecycleTests.swift:49; header declarations Sources/HSExtensions/CosmicHammer/variables.h:12
MJConfigFileFullPath	native-bridge	MJConfigFileFullPath	Sources/HSSwiftExtensions/ConfigUtils.swift:15	"Sources/HSSwiftExtensions/AppDelegate.swift:506 `let path = MJConfigFileFullPath() as String`; Sources/HSSwiftExtensions/ConfigUtils.swift:22 `return (MJConfigFileFullPath() as String).deletingLastPathComponent as NSString`; Sources/HSSwiftExtensions/LuaRuntime.swift:1066 `configFilePath: MJConfigFileFullPath() as String,`; Sources/HSSwiftExtensions/LuaRuntime.swift:1070 `hasInitFile: environmentGet(L).fileSystem.fileExists(atPath: MJConfigFileFullPath() as String),`; Tests/CosmicHammerTests/AppLifecycleTests.swift:34 `#expect(MJConfigFileFullPath() as String == ""/tmp/cosmic-custom/init.lua"")`"	same-target Swift plus test-only Swift identity; C export ABI statically unconsumed	typed ConfigPath/AppLifecycle property seam	No active in-repo C/ObjC or project-symbol dlsym consumer found; user/site dylibs and downstream clients of public static headers remain external/dynamic unknown.	Sources/HSSwiftExtensions/ConfigUtils.swift:15 declaration; callers Sources/HSSwiftExtensions/AppDelegate.swift:506, Sources/HSSwiftExtensions/ConfigUtils.swift:22, Sources/HSSwiftExtensions/LuaRuntime.swift:1066, Sources/HSSwiftExtensions/LuaRuntime.swift:1070, Tests/CosmicHammerTests/AppLifecycleTests.swift:34; header declarations Sources/HSExtensions/CosmicHammer/MJConfigUtils.h:5
MJConfigDir	native-bridge	MJConfigDir	Sources/HSSwiftExtensions/ConfigUtils.swift:20	Sources/HSSwiftExtensions/AppLifecycle.swift:51 `let configDir = MJConfigDir() as String`; Sources/HSSwiftExtensions/AppLifecycle.swift:63 `try MJEnsureDirectoryExistsOrThrow(MJConfigDir() as String)`; Sources/HSSwiftExtensions/AppLifecycle.swift:69 `let configDir = MJConfigDir() as String`; Sources/HSSwiftExtensions/ConfigUtils.swift:27 `return (MJConfigDir() as String).resolvingSymlinksInPath as NSString`; Sources/HSSwiftExtensions/LuaRuntime.swift:1067 `configDir: MJConfigDir() as String,`	same-target Swift identity; C export ABI statically unconsumed	typed ConfigPath/AppLifecycle property seam	No active in-repo C/ObjC or project-symbol dlsym consumer found; user/site dylibs and downstream clients of public static headers remain external/dynamic unknown.	Sources/HSSwiftExtensions/ConfigUtils.swift:20 declaration; callers Sources/HSSwiftExtensions/AppLifecycle.swift:51, Sources/HSSwiftExtensions/AppLifecycle.swift:63, Sources/HSSwiftExtensions/AppLifecycle.swift:69, Sources/HSSwiftExtensions/ConfigUtils.swift:27, Sources/HSSwiftExtensions/LuaRuntime.swift:1067; header declarations Sources/HSExtensions/CosmicHammer/MJConfigUtils.h:3
MJConfigDirAbsolute	native-bridge	MJConfigDirAbsolute	Sources/HSSwiftExtensions/ConfigUtils.swift:25	none	dead/header-only in active tree; C export ABI statically unconsumed	typed ConfigPath/AppLifecycle property seam	No active in-repo C/ObjC or project-symbol dlsym consumer found; user/site dylibs and downstream clients of public static headers remain external/dynamic unknown.	Sources/HSSwiftExtensions/ConfigUtils.swift:25 declaration; header declarations Sources/HSExtensions/CosmicHammer/MJConfigUtils.h:4
luaopen_hs_libconsole	lua-entrypoint	luaopen_hs_libconsole	Sources/HSSwiftExtensions/Console.swift:742	G=64/316 via R and RT; L(extensions/console/console.lua:13); no direct test typed call	generated package.preload plus Lua require	typed NativeModuleRegistry entry for hs.libconsole	No other active-source callers found; external/dlsym use cannot be disproved	Sources/HSSwiftExtensions/Console.swift:742; G=64/316; H=30; M=24; D=27/123; L=extensions/console/console.lua:13.
ConsoleDarkModeEnabled	native-bridge	ConsoleDarkModeEnabled	Sources/HSSwiftExtensions/ConsoleWindowController.swift:11	Sources/HSSwiftExtensions/ConsoleWindowController.swift:281 `if ConsoleDarkModeEnabled() {`; Tests/CosmicHammerTests/DSTSettingsIntegrationTests.swift:45 `#expect(ConsoleDarkModeEnabled() == true)`; Tests/CosmicHammerTests/DSTSettingsIntegrationTests.swift:47 `#expect(ConsoleDarkModeEnabled() == false)`; Tests/CosmicHammerTests/DSTSettingsIntegrationTests.swift:102 `_ = ConsoleDarkModeEnabled()`	same-target Swift plus test-only Swift identity; C export ABI statically unconsumed	typed ConsoleWindow controller/settings seam	No active in-repo C/ObjC or project-symbol dlsym consumer found; user/site dylibs and downstream clients of public static headers remain external/dynamic unknown.	Sources/HSSwiftExtensions/ConsoleWindowController.swift:11 declaration; callers Sources/HSSwiftExtensions/ConsoleWindowController.swift:281, Tests/CosmicHammerTests/DSTSettingsIntegrationTests.swift:45, Tests/CosmicHammerTests/DSTSettingsIntegrationTests.swift:47, Tests/CosmicHammerTests/DSTSettingsIntegrationTests.swift:102; header declarations Sources/HSExtensions/CosmicHammer/MJConsoleWindowController.h:27
ConsoleDarkModeSetEnabled	native-bridge	ConsoleDarkModeSetEnabled	Sources/HSSwiftExtensions/ConsoleWindowController.swift:19	Tests/CosmicHammerTests/DSTSettingsIntegrationTests.swift:120 `ConsoleDarkModeSetEnabled(true)`; Tests/CosmicHammerTests/DSTSettingsIntegrationTests.swift:122 `ConsoleDarkModeSetEnabled(false)`	test-only Swift identity; C export ABI statically unconsumed	typed ConsoleWindow controller/settings seam	No active in-repo C/ObjC or project-symbol dlsym consumer found; user/site dylibs and downstream clients of public static headers remain external/dynamic unknown.	Sources/HSSwiftExtensions/ConsoleWindowController.swift:19 declaration; callers Tests/CosmicHammerTests/DSTSettingsIntegrationTests.swift:120, Tests/CosmicHammerTests/DSTSettingsIntegrationTests.swift:122; header declarations Sources/HSExtensions/CosmicHammer/MJConsoleWindowController.h:28
MJConsoleWindowAlwaysOnTop	native-bridge	MJConsoleWindowAlwaysOnTop	Sources/HSSwiftExtensions/ConsoleWindowController.swift:28	Sources/HSSwiftExtensions/ConsoleWindowController.swift:290 `window?.level = MJConsoleWindowAlwaysOnTop() ? .floating : .normal`; Sources/HSSwiftExtensions/LuaRuntime.swift:214 `lua_pushboolean(L, MJConsoleWindowAlwaysOnTop() ? 1 : 0)`; Sources/HSSwiftExtensions/PreferencesWindowController.swift:288 `keepConsoleOnTopCheckbox.state = MJConsoleWindowAlwaysOnTop() ? .on : .off`; Sources/HSSwiftExtensions/PreferencesWindowController.swift:304 `self.keepConsoleOnTopCheckbox.state = MJConsoleWindowAlwaysOnTop() ? .on : .off`; Tests/CosmicHammerTests/DSTSettingsIntegrationTests.swift:55 `#expect(MJConsoleWindowAlwaysOnTop() == true)`; Tests/CosmicHammerTests/DSTSettingsIntegrationTests.swift:57 `#expect(MJConsoleWindowAlwaysOnTop() == false)`; Tests/CosmicHammerTests/DSTSettingsIntegrationTests.swift:103 `_ = MJConsoleWindowAlwaysOnTop()`	same-target Swift plus test-only Swift identity; C export ABI statically unconsumed	typed ConsoleWindow controller/settings seam	No active in-repo C/ObjC or project-symbol dlsym consumer found; user/site dylibs and downstream clients of public static headers remain external/dynamic unknown.	Sources/HSSwiftExtensions/ConsoleWindowController.swift:28 declaration; callers Sources/HSSwiftExtensions/ConsoleWindowController.swift:290, Sources/HSSwiftExtensions/LuaRuntime.swift:214, Sources/HSSwiftExtensions/PreferencesWindowController.swift:288, Sources/HSSwiftExtensions/PreferencesWindowController.swift:304, Tests/CosmicHammerTests/DSTSettingsIntegrationTests.swift:55, Tests/CosmicHammerTests/DSTSettingsIntegrationTests.swift:57, Tests/CosmicHammerTests/DSTSettingsIntegrationTests.swift:103; header declarations Sources/HSExtensions/CosmicHammer/MJConsoleWindowController.h:17
MJConsoleWindowSetAlwaysOnTop	native-bridge	MJConsoleWindowSetAlwaysOnTop	Sources/HSSwiftExtensions/ConsoleWindowController.swift:36	Sources/HSSwiftExtensions/LuaRuntime.swift:213 `if lua_isboolean(L, 1) { MJConsoleWindowSetAlwaysOnTop(lua_toboolean(L, 1) != 0) }`; Sources/HSSwiftExtensions/PreferencesWindowController.swift:361 `MJConsoleWindowSetAlwaysOnTop(sender.state == .on)`	same-target Swift identity; C export ABI statically unconsumed	typed ConsoleWindow controller/settings seam	No active in-repo C/ObjC or project-symbol dlsym consumer found; user/site dylibs and downstream clients of public static headers remain external/dynamic unknown.	Sources/HSSwiftExtensions/ConsoleWindowController.swift:36 declaration; callers Sources/HSSwiftExtensions/LuaRuntime.swift:213, Sources/HSSwiftExtensions/PreferencesWindowController.swift:361; header declarations Sources/HSExtensions/CosmicHammer/MJConsoleWindowController.h:18
luaopen_hs_libcrash	lua-entrypoint	luaopen_hs_libcrash	Sources/HSSwiftExtensions/Crash.swift:123	G=67/317 via R and RT; L(extensions/crash/crash.lua:5); T(Tests/CosmicHammerTests/CrashFunctionalTests.swift:5; ModuleRegistrationTests.swift:20; ObjCExceptionTests.swift:53)	generated package.preload plus Lua require plus test typed references	typed NativeModuleRegistry entry for hs.libcrash	No other active-source callers found; external/dlsym use cannot be disproved	Sources/HSSwiftExtensions/Crash.swift:123; G=67/317; H=31; M=25; D=28/124; L and T as listed.
luaopen_hs_libdialog	lua-entrypoint	luaopen_hs_libdialog	Sources/HSSwiftExtensions/Dialog.swift:729	G=70/318 via R and RT; L(extensions/dialog/dialog.lua:10); T(Tests/CosmicHammerTests/DialogCallbackGaugeTests.swift:7)	generated package.preload plus Lua require plus test typed reference	typed NativeModuleRegistry entry for hs.libdialog	No other active-source callers found; external/dlsym use cannot be disproved	Sources/HSSwiftExtensions/Dialog.swift:729; G=70/318; H=32; M=27; D=29/125; L and T as listed.
luaopen_hs_libdistributednotifications	lua-entrypoint	luaopen_hs_libdistributednotifications	Sources/HSSwiftExtensions/Distributednotifications.swift:142	G=73/319 via R and RT; L(extensions/distributednotifications/distributednotifications.lua:14); T(Tests/CosmicHammerTests/DistributednotificationsTests.swift:17)	generated package.preload plus Lua require plus test typed reference	typed NativeModuleRegistry entry for hs.libdistributednotifications	No other active-source callers found; external/dlsym use cannot be disproved	Sources/HSSwiftExtensions/Distributednotifications.swift:142; G=73/319; H=33; M=28; D=30/126; L and T as listed.
luaopen_hs_libdoc	lua-entrypoint	luaopen_hs_libdoc	Sources/HSSwiftExtensions/Doc.swift:465	G=76/320 via R and RT; L(extensions/doc/doc.lua:29); no direct test typed call	generated package.preload plus Lua require	typed NativeModuleRegistry entry for hs.libdoc	No other active-source callers found; external/dlsym use cannot be disproved	Sources/HSSwiftExtensions/Doc.swift:465; G=76/320; H=34; M=29; D=31/127; L=extensions/doc/doc.lua:29.
MJDockIconSetup	native-bridge	MJDockIconSetup	Sources/HSSwiftExtensions/DockIcon.swift:4	Sources/HSSwiftExtensions/AppDelegate.swift:350 `MJDockIconSetup()`	same-target Swift identity; C export ABI statically unconsumed	typed DockIconController/behavior settings seam	No active in-repo C/ObjC or project-symbol dlsym consumer found; user/site dylibs and downstream clients of public static headers remain external/dynamic unknown.	Sources/HSSwiftExtensions/DockIcon.swift:4 declaration; callers Sources/HSSwiftExtensions/AppDelegate.swift:350; header declarations Sources/HSExtensions/CosmicHammer/MJDockIcon.h:3
MJDockIconVisible	native-bridge	MJDockIconVisible	Sources/HSSwiftExtensions/DockIcon.swift:9	Sources/HSSwiftExtensions/DockIcon.swift:47 `let targetPolicy: NSApplication.ActivationPolicy = MJDockIconVisible() ? .regular : .accessory`; Sources/HSSwiftExtensions/DockIconModule.swift:15 `L.push(MJDockIconVisible())`; Sources/HSSwiftExtensions/PreferencesWindowController.swift:286 `showDockIconCheckbox.state = MJDockIconVisible() ? .on : .off`; Sources/HSSwiftExtensions/PreferencesWindowController.swift:302 `self.showDockIconCheckbox.state = MJDockIconVisible() ? .on : .off`; Sources/HSSwiftExtensions/PreferencesWindowController.swift:367 `guard !MJMenuIconVisible() && !MJDockIconVisible() else { return }`; Sources/HSSwiftExtensions/Urlevent.swift:139 `MJDockIconSetVisible(MJDockIconVisible())`; Tests/CosmicHammerTests/DSTSettingsIntegrationTests.swift:15 `#expect(MJDockIconVisible() == true)`; Tests/CosmicHammerTests/DSTSettingsIntegrationTests.swift:17 `#expect(MJDockIconVisible() == false)`; Tests/CosmicHammerTests/DSTSettingsIntegrationTests.swift:100 `_ = MJDockIconVisible()`	same-target Swift plus test-only Swift identity; C export ABI statically unconsumed	typed DockIconController/behavior settings seam	No active in-repo C/ObjC or project-symbol dlsym consumer found; user/site dylibs and downstream clients of public static headers remain external/dynamic unknown.	Sources/HSSwiftExtensions/DockIcon.swift:9 declaration; callers Sources/HSSwiftExtensions/DockIcon.swift:47, Sources/HSSwiftExtensions/DockIconModule.swift:15, Sources/HSSwiftExtensions/PreferencesWindowController.swift:286, Sources/HSSwiftExtensions/PreferencesWindowController.swift:302, Sources/HSSwiftExtensions/PreferencesWindowController.swift:367, Sources/HSSwiftExtensions/Urlevent.swift:139, Tests/CosmicHammerTests/DSTSettingsIntegrationTests.swift:15, Tests/CosmicHammerTests/DSTSettingsIntegrationTests.swift:17, Tests/CosmicHammerTests/DSTSettingsIntegrationTests.swift:100; header declarations Sources/HSExtensions/CosmicHammer/MJDockIcon.h:4
MJDockIconSetVisible	native-bridge	MJDockIconSetVisible	Sources/HSSwiftExtensions/DockIcon.swift:17	Sources/HSSwiftExtensions/DockIconModule.swift:29 `MJDockIconSetVisible(true)`; Sources/HSSwiftExtensions/DockIconModule.swift:43 `MJDockIconSetVisible(false)`; Sources/HSSwiftExtensions/PreferencesWindowController.swift:351 `MJDockIconSetVisible(enabled)`; Sources/HSSwiftExtensions/Urlevent.swift:139 `MJDockIconSetVisible(MJDockIconVisible())`	same-target Swift identity; C export ABI statically unconsumed	typed DockIconController/behavior settings seam	No active in-repo C/ObjC or project-symbol dlsym consumer found; user/site dylibs and downstream clients of public static headers remain external/dynamic unknown.	Sources/HSSwiftExtensions/DockIcon.swift:17 declaration; callers Sources/HSSwiftExtensions/DockIconModule.swift:29, Sources/HSSwiftExtensions/DockIconModule.swift:43, Sources/HSSwiftExtensions/PreferencesWindowController.swift:351, Sources/HSSwiftExtensions/Urlevent.swift:139; header declarations Sources/HSExtensions/CosmicHammer/MJDockIcon.h:5
HSOpenConsoleOnDockClickEnabled	native-bridge	HSOpenConsoleOnDockClickEnabled	Sources/HSSwiftExtensions/DockIcon.swift:27	Sources/HSSwiftExtensions/AppDelegate.swift:238 `if HSOpenConsoleOnDockClickEnabled() {`; Sources/HSSwiftExtensions/LuaRuntime.swift:706 `lua_pushboolean(L, HSOpenConsoleOnDockClickEnabled() ? 1 : 0)`; Tests/CosmicHammerTests/DSTSettingsIntegrationTests.swift:25 `#expect(HSOpenConsoleOnDockClickEnabled() == true)`; Tests/CosmicHammerTests/DSTSettingsIntegrationTests.swift:27 `#expect(HSOpenConsoleOnDockClickEnabled() == false)`; Tests/CosmicHammerTests/DSTSettingsIntegrationTests.swift:99 `_ = HSOpenConsoleOnDockClickEnabled()`	same-target Swift plus test-only Swift identity; C export ABI statically unconsumed	typed DockIconController/behavior settings seam	No active in-repo C/ObjC or project-symbol dlsym consumer found; user/site dylibs and downstream clients of public static headers remain external/dynamic unknown.	Sources/HSSwiftExtensions/DockIcon.swift:27 declaration; callers Sources/HSSwiftExtensions/AppDelegate.swift:238, Sources/HSSwiftExtensions/LuaRuntime.swift:706, Tests/CosmicHammerTests/DSTSettingsIntegrationTests.swift:25, Tests/CosmicHammerTests/DSTSettingsIntegrationTests.swift:27, Tests/CosmicHammerTests/DSTSettingsIntegrationTests.swift:99; header declarations Sources/HSExtensions/CosmicHammer/MJDockIcon.h:7
HSOpenConsoleOnDockClickSetEnabled	native-bridge	HSOpenConsoleOnDockClickSetEnabled	Sources/HSSwiftExtensions/DockIcon.swift:35	Sources/HSSwiftExtensions/LuaRuntime.swift:703 `HSOpenConsoleOnDockClickSetEnabled(lua_toboolean(L, 1) != 0)`; Tests/CosmicHammerTests/DSTSettingsIntegrationTests.swift:114 `HSOpenConsoleOnDockClickSetEnabled(true)`; Tests/CosmicHammerTests/DSTSettingsIntegrationTests.swift:116 `HSOpenConsoleOnDockClickSetEnabled(false)`	same-target Swift plus test-only Swift identity; C export ABI statically unconsumed	typed DockIconController/behavior settings seam	No active in-repo C/ObjC or project-symbol dlsym consumer found; user/site dylibs and downstream clients of public static headers remain external/dynamic unknown.	Sources/HSSwiftExtensions/DockIcon.swift:35 declaration; callers Sources/HSSwiftExtensions/LuaRuntime.swift:703, Tests/CosmicHammerTests/DSTSettingsIntegrationTests.swift:114, Tests/CosmicHammerTests/DSTSettingsIntegrationTests.swift:116; header declarations Sources/HSExtensions/CosmicHammer/MJDockIcon.h:8
luaopen_hs_libdockicon	lua-entrypoint	luaopen_hs_libdockicon	Sources/HSSwiftExtensions/DockIconModule.swift:164	G=79/321 via R and RT; L(extensions/dockicon/dockicon.lua:7); no direct test typed call	generated package.preload plus Lua require	typed NativeModuleRegistry entry for hs.libdockicon	No other active-source callers found; external/dlsym use cannot be disproved	Sources/HSSwiftExtensions/DockIconModule.swift:164; G=79/321; H=35; M=30; D=32/128; L=extensions/dockicon/dockicon.lua:7.
luaopen_hs_libdrawing_color	lua-entrypoint	luaopen_hs_libdrawing_color	Sources/HSSwiftExtensions/DrawingColor.swift:326	G=82/322 via R and RT; L(extensions/drawing/color/drawing_color.lua:1); no direct test typed call	generated package.preload plus Lua require	typed NativeModuleRegistry entry for hs.libdrawing_color with hs.drawing.color alias	No other active-source callers found; external/dlsym use cannot be disproved	Sources/HSSwiftExtensions/DrawingColor.swift:326; G=82/322; H=36; M=31; D=33/129; L=extensions/drawing/color/drawing_color.lua:1; alias metadata extensions/_coresetup/_loader_metadata.lua:556/592.
luaopen_hs_libeventtap	lua-entrypoint	luaopen_hs_libeventtap	Sources/HSSwiftExtensions/Eventtap.swift:315	G=85/323 via R and RT; L(extensions/eventtap/eventtap.lua:33); no direct test typed call	generated package.preload plus Lua require	typed NativeModuleRegistry entry for hs.libeventtap	No other active-source callers found; external/dlsym use cannot be disproved	Sources/HSSwiftExtensions/Eventtap.swift:315; G=85/323; H=37; M=32; D=34/130; L=extensions/eventtap/eventtap.lua:33.
luaopen_hs_libeventtapevent	lua-entrypoint	luaopen_hs_libeventtapevent	Sources/HSSwiftExtensions/EventtapEvent.swift:941	G=88/324 via R and RT; L(extensions/eventtap/eventtap.lua:34); no direct test typed call	generated package.preload plus Lua require	typed NativeModuleRegistry entry for hs.libeventtapevent	No other active-source callers found; external/dlsym use cannot be disproved	Sources/HSSwiftExtensions/EventtapEvent.swift:941; G=88/324; H=38; M=32; D=35/131; L=extensions/eventtap/eventtap.lua:34.
luaopen_hs_libfs	lua-entrypoint	luaopen_hs_libfs	Sources/HSSwiftExtensions/FileSystem.swift:1416	G=91/325 via R and RT; L(extensions/fs/fs.lua:7); T(Tests/CosmicHammerTests/DSTFileSystemLuaTests.swift:15; TigerStyleSystemATests.swift:23)	generated package.preload plus Lua require plus test typed references	typed NativeModuleRegistry entry for hs.libfs	No other active-source callers found; external/dlsym use cannot be disproved	Sources/HSSwiftExtensions/FileSystem.swift:1416; G=91/325; H=39; M=35; D=36/132; L and T as listed.
luaopen_hs_libfsvolume	lua-entrypoint	luaopen_hs_libfsvolume	Sources/HSSwiftExtensions/FileSystemVolume.swift:237	G=94/326 via R and RT; L(extensions/fs/fs.lua:8); T(Tests/CosmicHammerTests/FileSystemVolumeTests.swift:10)	generated package.preload plus Lua require plus test typed reference	typed NativeModuleRegistry entry for hs.libfsvolume with hs.fs.volume alias	No other active-source callers found; external/dlsym use cannot be disproved	Sources/HSSwiftExtensions/FileSystemVolume.swift:237; G=94/326; H=40; M=35; D=37/133; L and T as listed; alias metadata extensions/_coresetup/_loader_metadata.lua:557/593.
luaopen_hs_libfsxattr	lua-entrypoint	luaopen_hs_libfsxattr	Sources/HSSwiftExtensions/FileSystemXattr.swift:248	G=97/327 via R and RT; L(extensions/fs/fs.lua:9); no direct test typed call	generated package.preload plus Lua require	typed NativeModuleRegistry entry for hs.libfsxattr with hs.fs.xattr alias	No other active-source callers found; external/dlsym use cannot be disproved	Sources/HSSwiftExtensions/FileSystemXattr.swift:248; G=97/327; H=41; M=35; D=38/134; L=extensions/fs/fs.lua:9; alias metadata extensions/_coresetup/_loader_metadata.lua:557/593.
MJEnsureDirectoryExists	native-bridge	MJEnsureDirectoryExists	Sources/HSSwiftExtensions/FileUtils.swift:13	none	dead/header-only in active tree; C export ABI statically unconsumed	existing throwing Swift directory helper; remove unused Bool C wrapper	No active in-repo C/ObjC or project-symbol dlsym consumer found; user/site dylibs and downstream clients of public static headers remain external/dynamic unknown.	Sources/HSSwiftExtensions/FileUtils.swift:13 declaration; header declarations Sources/HSExtensions/CosmicHammer/MJFileUtils.h:3
luaopen_hs_libhid	lua-entrypoint	luaopen_hs_libhid	Sources/HSSwiftExtensions/HID.swift:200	G=103/329 via R and RT; L(extensions/hid/hid.lua:8); T(Tests/CosmicHammerTests/ModuleRegistrationTests.swift:26)	generated package.preload plus Lua require plus test typed reference	typed NativeModuleRegistry entry for hs.libhid	No other active-source callers found; external/dlsym use cannot be disproved	Sources/HSSwiftExtensions/HID.swift:200; G=103/329; H=43; M=39; D=40/136; L and T as listed.
HSAppleScriptEnabled	native-bridge	HSAppleScriptEnabled	Sources/HSSwiftExtensions/HSAppleScript.swift:26	Sources/HSSwiftExtensions/HSAppleScript.swift:124 `if HSAppleScriptEnabled() {`; Sources/HSSwiftExtensions/LuaRuntime.swift:685 `lua_pushboolean(L, HSAppleScriptEnabled() ? 1 : 0)`; Tests/CosmicHammerTests/DSTSettingsIntegrationTests.swift:65 `#expect(HSAppleScriptEnabled() == true)`; Tests/CosmicHammerTests/DSTSettingsIntegrationTests.swift:67 `#expect(HSAppleScriptEnabled() == false)`; Tests/CosmicHammerTests/DSTSettingsIntegrationTests.swift:104 `_ = HSAppleScriptEnabled()`	same-target Swift plus test-only Swift identity; C export ABI statically unconsumed	typed Environment.settings AppleScript policy seam	No active in-repo C/ObjC or project-symbol dlsym consumer found; user/site dylibs and downstream clients of public static headers remain external/dynamic unknown.	Sources/HSSwiftExtensions/HSAppleScript.swift:26 declaration; callers Sources/HSSwiftExtensions/HSAppleScript.swift:124, Sources/HSSwiftExtensions/LuaRuntime.swift:685, Tests/CosmicHammerTests/DSTSettingsIntegrationTests.swift:65, Tests/CosmicHammerTests/DSTSettingsIntegrationTests.swift:67, Tests/CosmicHammerTests/DSTSettingsIntegrationTests.swift:104; header declarations Sources/HSExtensions/CosmicHammer/HSAppleScript.h:14
HSAppleScriptSetEnabled	native-bridge	HSAppleScriptSetEnabled	Sources/HSSwiftExtensions/HSAppleScript.swift:34	Sources/HSSwiftExtensions/LuaRuntime.swift:682 `HSAppleScriptSetEnabled(lua_toboolean(L, 1) != 0)`; Tests/CosmicHammerTests/DSTSettingsIntegrationTests.swift:126 `HSAppleScriptSetEnabled(true)`; Tests/CosmicHammerTests/DSTSettingsIntegrationTests.swift:128 `HSAppleScriptSetEnabled(false)`; Tests/CosmicHammerTests/OpenTelemetryFunctionalTests.swift:383 `HSAppleScriptSetEnabled(true)`; Tests/CosmicHammerTests/OpenTelemetryFunctionalTests.swift:384 `defer { HSAppleScriptSetEnabled(false) }`	same-target Swift plus test-only Swift identity; C export ABI statically unconsumed	typed Environment.settings AppleScript policy seam	No active in-repo C/ObjC or project-symbol dlsym consumer found; user/site dylibs and downstream clients of public static headers remain external/dynamic unknown.	Sources/HSSwiftExtensions/HSAppleScript.swift:34 declaration; callers Sources/HSSwiftExtensions/LuaRuntime.swift:682, Tests/CosmicHammerTests/DSTSettingsIntegrationTests.swift:126, Tests/CosmicHammerTests/DSTSettingsIntegrationTests.swift:128, Tests/CosmicHammerTests/OpenTelemetryFunctionalTests.swift:383, Tests/CosmicHammerTests/OpenTelemetryFunctionalTests.swift:384; header declarations Sources/HSExtensions/CosmicHammer/HSAppleScript.h:15
HSExtensionsRegisterAll	generated-bootstrap	hsExtensionsRegisterAll	Sources/HSSwiftExtensions/HSExtensionsGenerated.swift:296	Sources/HSSwiftExtensions/LuaRuntime.swift:969 directly calls hsExtensionsRegisterAll during MJLuaInit; Tests/CosmicHammerTests/LuaTestSetup.swift:12 declares @_silgen_name and :331 calls HSExtensionsRegisterAll for test states; its generated body iterates every preload tuple and calls lua_pushcclosure/lua_setfield at Sources/HSSwiftExtensions/HSExtensionsGenerated.swift:296-398	generated bootstrap/runtime registrar	typed LuaState extension-registry/bootstrap hook invoked from production and test Lua initialization	No other active-source callers found; external C bootstrap callers or dynamic lookup cannot be disproved	Sources/HSSwiftExtensions/HSExtensionsGenerated.swift:296-398; Sources/HSSwiftExtensions/LuaRuntime.swift:967-970; Tests/CosmicHammerTests/LuaTestSetup.swift:12,331; generator template scripts/generate-hsextensions.sh:317-331; check-only references scripts/check-generated-files.sh:173-272.
HSLoggerCreateWithLua	native-bridge	HSLoggerCreateWithLua	Sources/HSSwiftExtensions/HSLogger.swift:132	Sources/HSSwiftExtensions/LuaRuntime.swift:922 `MJLuaLogDelegate = HSLoggerCreateWithLua(nil)`	same-target Swift identity; C export ABI statically unconsumed	typed HSLogger factory/method owned by LuaRuntime	No active in-repo C/ObjC or project-symbol dlsym consumer found; user/site dylibs and downstream clients of public static headers remain external/dynamic unknown.	Sources/HSSwiftExtensions/HSLogger.swift:132 declaration; callers Sources/HSSwiftExtensions/LuaRuntime.swift:922; header declarations Sources/HSExtensions/CosmicHammer/HSLogger.h:16
HSLoggerSetLuaState	native-bridge	HSLoggerSetLuaState	Sources/HSSwiftExtensions/HSLogger.swift:137	Sources/HSSwiftExtensions/LuaRuntime.swift:934 `HSLoggerSetLuaState(MJLuaLogDelegate!, L)`; Sources/HSSwiftExtensions/LuaRuntime.swift:1271 `HSLoggerSetLuaState(MJLuaLogDelegate as AnyObject, nil)`	same-target Swift identity; C export ABI statically unconsumed	typed HSLogger factory/method owned by LuaRuntime	No active in-repo C/ObjC or project-symbol dlsym consumer found; user/site dylibs and downstream clients of public static headers remain external/dynamic unknown.	Sources/HSSwiftExtensions/HSLogger.swift:137 declaration; callers Sources/HSSwiftExtensions/LuaRuntime.swift:934, Sources/HSSwiftExtensions/LuaRuntime.swift:1271; header declarations Sources/HSExtensions/CosmicHammer/HSLogger.h:17
luaopen_hs_libhttp	lua-entrypoint	luaopen_hs_libhttp	Sources/HSSwiftExtensions/HTTP.swift:633	G=118/334 via R and RT; L(extensions/http/http.lua:2); T(Tests/CosmicHammerTests/DSTHTTPTests.swift:34)	generated package.preload plus Lua require plus test typed reference	typed NativeModuleRegistry entry for hs.libhttp	No other active-source callers found; external/dlsym use cannot be disproved	Sources/HSSwiftExtensions/HTTP.swift:633; G=118/334; H=48; M=43; D=45/141; L and T as listed.
luaopen_hs_libhttpserver	lua-entrypoint	luaopen_hs_libhttpserver	Sources/HSSwiftExtensions/HTTPServer.swift:357	G=121/335 via R and RT; L(extensions/httpserver/httpserver.lua:9); T(Tests/CosmicHammerTests/HTTPServerTests.swift:10)	generated package.preload plus Lua require plus test typed reference	typed NativeModuleRegistry entry for hs.libhttpserver	No other active-source callers found; external/dlsym use cannot be disproved	Sources/HSSwiftExtensions/HTTPServer.swift:357; G=121/335; H=49; M=44; D=46/142; L and T as listed.
luaopen_hs_libhash	lua-entrypoint	luaopen_hs_libhash	Sources/HSSwiftExtensions/Hash.swift:551	G=100/328 via R and RT; L(extensions/hash/hash.lua:23) computes hs.libhash dynamically; T(Tests/CosmicHammerTests/HashFunctionalTests.swift:8; DSTFaultInjectionTests.swift:1352; ModuleRegistrationTests.swift:17; TigerStyleMediaTests.swift:11; UserdataLifecycleTests.swift:16)	generated package.preload plus computed Lua require plus test typed references	typed NativeModuleRegistry entry for hs.libhash	Computed require is statically resolved from hs.hash at line 23; no other active-source callers found, external/dlsym use cannot be disproved	Sources/HSSwiftExtensions/Hash.swift:551; G=100/328; H=42; M=38; D=39/135; L and T as listed.
luaopen_hs_libhost	lua-entrypoint	luaopen_hs_libhost	Sources/HSSwiftExtensions/Host.swift:659	G=109/331 via R and RT; L(extensions/host/host.lua:8); T(Tests/CosmicHammerTests/DSTFaultInjectionTests.swift:1196; ModuleRegistrationTests.swift:50)	generated package.preload plus Lua require plus test typed references	typed NativeModuleRegistry entry for hs.libhost	No other active-source callers found; external/dlsym use cannot be disproved	Sources/HSSwiftExtensions/Host.swift:659; G=109/331; H=45; M=41; D=42/138; L and T as listed.
luaopen_hs_libhost_locale	lua-entrypoint	luaopen_hs_libhost_locale	Sources/HSSwiftExtensions/HostLocale.swift:339	G=112/332 via R and RT; L(extensions/host/locale/host_locale.lua:8); T(Tests/CosmicHammerTests/HostLocaleTests.swift:14; ModuleRegistrationTests.swift:54)	generated package.preload plus Lua require plus test typed references	typed NativeModuleRegistry entry for hs.libhost_locale with hs.host.locale alias	No other active-source callers found; external/dlsym use cannot be disproved	Sources/HSSwiftExtensions/HostLocale.swift:339; G=112/332; H=46; M=41; D=43/139; L and T as listed; alias metadata extensions/_coresetup/_loader_metadata.lua:559/595.
luaopen_hs_libhotkey	lua-entrypoint	luaopen_hs_libhotkey	Sources/HSSwiftExtensions/Hotkey.swift:312	G=115/333 via R and RT; L(extensions/hotkey/hotkey.lua:5); T(Tests/CosmicHammerTests/HotkeyTests.swift:29)	generated package.preload plus Lua require plus test typed reference	typed NativeModuleRegistry entry for hs.libhotkey	No other active-source callers found; external/dlsym use cannot be disproved	Sources/HSSwiftExtensions/Hotkey.swift:312; G=115/333; H=47; M=42; D=44/140; L and T as listed.
luaopen_hs_libipc	lua-entrypoint	luaopen_hs_libipc	Sources/HSSwiftExtensions/IPC.swift:322	G=127/337 via R and RT; L(extensions/ipc/ipc.lua:10); T(Tests/CosmicHammerTests/IPCTelemetryTests.swift:11)	generated package.preload plus Lua require plus test typed reference	typed NativeModuleRegistry entry for hs.libipc	No other active-source callers found; external/dlsym use cannot be disproved	Sources/HSSwiftExtensions/IPC.swift:322; G=127/337; H=51; M=47; D=48/144; L and T as listed.
luaopen_hs_libimage	lua-entrypoint	luaopen_hs_libimage	Sources/HSSwiftExtensions/Image.swift:1296	G=124/336 via R and RT; L(extensions/image/image.lua:6); T(Tests/CosmicHammerTests/CanvasValueConversionTests.swift:9/164)	generated package.preload plus Lua require plus test typed reference	typed NativeModuleRegistry entry for hs.libimage	No other active-source callers found; external/dlsym use cannot be disproved	Sources/HSSwiftExtensions/Image.swift:1296; G=124/336; H=50; M=45; D=47/143; L and T as listed.
luaopen_hs_libhints	lua-entrypoint	luaopen_hs_libhints	Sources/HSSwiftExtensions/Internal.swift:196	G=106/330 via R and RT; L(extensions/hints/hints.lua:5); no direct test typed call	generated package.preload plus Lua require	typed NativeModuleRegistry entry for hs.libhints	No other active-source callers found; external/dlsym use cannot be disproved	Sources/HSSwiftExtensions/Internal.swift:196; G=106/330; H=44; M=40; D=41/137; L=extensions/hints/hints.lua:5.
luaopen_hs_libjson	lua-entrypoint	luaopen_hs_libjson	Sources/HSSwiftExtensions/JSON.swift:203	G=130/338 via R and RT; L(extensions/json/json.lua:8); T(Tests/CosmicHammerTests/JsonFunctionalTests.swift:8; DSTFaultInjectionTests.swift:1326; ModuleRegistrationTests.swift:14)	generated package.preload plus Lua require plus test typed references	typed NativeModuleRegistry entry for hs.libjson	No other active-source callers found; external/dlsym use cannot be disproved	Sources/HSSwiftExtensions/JSON.swift:203; G=130/338; H=52; M=50; D=49/145; L and T as listed.
keycodes_cachemap	native-bridge	keycodes_cachemap	Sources/HSSwiftExtensions/Keycodes.swift:34	Sources/HSSwiftExtensions/Keycodes.swift:630 `lua_pushcclosure(L, keycodes_cachemap, 0)`	same-target Swift identity; C export ABI statically unconsumed	internal typed Keycodes helper/closure seam; remove C export	No active in-repo C/ObjC or project-symbol dlsym consumer found; user/site dylibs and downstream clients of public static headers remain external/dynamic unknown.	Sources/HSSwiftExtensions/Keycodes.swift:34 declaration; callers Sources/HSSwiftExtensions/Keycodes.swift:630
getLayoutName	native-bridge	getLayoutName	Sources/HSSwiftExtensions/Keycodes.swift:283	none	dead/header-only in active tree; C export ABI statically unconsumed	internal typed Keycodes helper/closure seam; remove C export	No active in-repo C/ObjC or project-symbol dlsym consumer found; user/site dylibs and downstream clients of public static headers remain external/dynamic unknown.	Sources/HSSwiftExtensions/Keycodes.swift:283 declaration
pushSourceIcon	native-bridge	pushSourceIcon	Sources/HSSwiftExtensions/Keycodes.swift:296	Sources/HSSwiftExtensions/Keycodes.swift:389 `pushSourceIcon(L, layout)`; Sources/HSSwiftExtensions/Keycodes.swift:559 `pushSourceIcon(L, layout)`; Sources/HSSwiftExtensions/Keycodes.swift:569 `pushSourceIcon(L, method)`	same-target Swift identity; C export ABI statically unconsumed	internal typed Keycodes helper/closure seam; remove C export	No active in-repo C/ObjC or project-symbol dlsym consumer found; user/site dylibs and downstream clients of public static headers remain external/dynamic unknown.	Sources/HSSwiftExtensions/Keycodes.swift:296 declaration; callers Sources/HSSwiftExtensions/Keycodes.swift:389, Sources/HSSwiftExtensions/Keycodes.swift:559, Sources/HSSwiftExtensions/Keycodes.swift:569
luaopen_hs_libkeycodes	lua-entrypoint	luaopen_hs_libkeycodes	Sources/HSSwiftExtensions/Keycodes.swift:584	G=133/339 via R and RT; L(extensions/keycodes/keycodes.lua:83); T(Tests/CosmicHammerTests/KeycodesTests.swift:10)	generated package.preload plus Lua require plus test typed reference	typed NativeModuleRegistry entry for hs.libkeycodes	No other active-source callers found; external/dlsym use cannot be disproved	Sources/HSSwiftExtensions/Keycodes.swift:584; G=133/339; H=53; M=51; D=50/146; L and T as listed.
luaopen_hs_liblocation	lua-entrypoint	luaopen_hs_liblocation	Sources/HSSwiftExtensions/Location.swift:1024	G=136/340 via R and RT; L(extensions/location/location.lua:35); T(Tests/CosmicHammerTests/LocationConversionTests.swift:11; LocationWatcherTests.swift:13; EnvironmentDetachTests.swift:260; TigerStyleSystemBTests.swift:15)	generated package.preload plus Lua require plus test typed references	typed NativeModuleRegistry entry for hs.liblocation	No other active-source callers found; external/dlsym use cannot be disproved	Sources/HSSwiftExtensions/Location.swift:1024; G=136/340; H=54; M=53; D=51/147; L and T as listed.
MJLuaSetupLogHandler	native-bridge	MJLuaSetupLogHandler	Sources/HSSwiftExtensions/LuaRuntime.swift:166	Sources/HSSwiftExtensions/ConsoleWindowController.swift:267 `MJLuaSetupLogHandler { [weak self] str in`	same-target Swift identity; C export ABI statically unconsumed	typed LuaRuntime lifecycle/evaluation/callback-router seam; tests import Swift directly	No active in-repo C/ObjC or project-symbol dlsym consumer found; user/site dylibs and downstream clients of public static headers remain external/dynamic unknown.	Sources/HSSwiftExtensions/LuaRuntime.swift:166 declaration; callers Sources/HSSwiftExtensions/ConsoleWindowController.swift:267; header declarations Sources/HSExtensions/CosmicHammer/MJLua.h:12
MJLuaCreate	native-bridge	MJLuaCreate	Sources/HSSwiftExtensions/LuaRuntime.swift:876	Sources/HSSwiftExtensions/AppDelegate.swift:352 `MJLuaCreate()`	same-target Swift identity; C export ABI statically unconsumed	typed LuaRuntime lifecycle/evaluation/callback-router seam; tests import Swift directly	No active in-repo C/ObjC or project-symbol dlsym consumer found; user/site dylibs and downstream clients of public static headers remain external/dynamic unknown.	Sources/HSSwiftExtensions/LuaRuntime.swift:876 declaration; callers Sources/HSSwiftExtensions/AppDelegate.swift:352; header declarations Sources/HSExtensions/CosmicHammer/MJLua.h:8
MJLuaDestroy	native-bridge	MJLuaDestroy	Sources/HSSwiftExtensions/LuaRuntime.swift:884	Sources/HSSwiftExtensions/AppDelegate.swift:460 `MJLuaDestroy()`	same-target Swift identity; C export ABI statically unconsumed	typed LuaRuntime lifecycle/evaluation/callback-router seam; tests import Swift directly	No active in-repo C/ObjC or project-symbol dlsym consumer found; user/site dylibs and downstream clients of public static headers remain external/dynamic unknown.	Sources/HSSwiftExtensions/LuaRuntime.swift:884 declaration; callers Sources/HSSwiftExtensions/AppDelegate.swift:460; header declarations Sources/HSExtensions/CosmicHammer/MJLua.h:9
MJLuaReplace	native-bridge	MJLuaReplace	Sources/HSSwiftExtensions/LuaRuntime.swift:892	Sources/HSSwiftExtensions/AppDelegate.swift:481 `MJLuaReplace()`; Sources/HSSwiftExtensions/LuaRuntime.swift:327 `MJLuaReplace()`	same-target Swift identity; C export ABI statically unconsumed	typed LuaRuntime lifecycle/evaluation/callback-router seam; tests import Swift directly	No active in-repo C/ObjC or project-symbol dlsym consumer found; user/site dylibs and downstream clients of public static headers remain external/dynamic unknown.	Sources/HSSwiftExtensions/LuaRuntime.swift:892 declaration; callers Sources/HSSwiftExtensions/AppDelegate.swift:481, Sources/HSSwiftExtensions/LuaRuntime.swift:327; header declarations Sources/HSExtensions/CosmicHammer/MJLua.h:10
MJLuaAlloc	native-bridge	MJLuaAlloc	Sources/HSSwiftExtensions/LuaRuntime.swift:916	Sources/HSSwiftExtensions/LuaRuntime.swift:878 `MJLuaAlloc()`; Sources/HSSwiftExtensions/LuaRuntime.swift:901 `MJLuaAlloc()`; Tests/CosmicHammerTests/LuaTestSetup.swift:156 `MJLuaAlloc()`	same-target Swift plus test-only Swift identity; C export ABI statically unconsumed	typed LuaRuntime lifecycle/evaluation/callback-router seam; tests import Swift directly	No active in-repo C/ObjC or project-symbol dlsym consumer found; user/site dylibs and downstream clients of public static headers remain external/dynamic unknown.	Sources/HSSwiftExtensions/LuaRuntime.swift:916 declaration; callers Sources/HSSwiftExtensions/LuaRuntime.swift:878, Sources/HSSwiftExtensions/LuaRuntime.swift:901, Tests/CosmicHammerTests/LuaTestSetup.swift:156; header declarations Sources/HSExtensions/CosmicHammer/MJLua.h:3
MJLuaInit	native-bridge	MJLuaInit	Sources/HSSwiftExtensions/LuaRuntime.swift:956	Sources/HSSwiftExtensions/LuaRuntime.swift:879 `MJLuaInit()`; Sources/HSSwiftExtensions/LuaRuntime.swift:902 `MJLuaInit()`	same-target Swift identity; C export ABI statically unconsumed	typed LuaRuntime lifecycle/evaluation/callback-router seam; tests import Swift directly	No active in-repo C/ObjC or project-symbol dlsym consumer found; user/site dylibs and downstream clients of public static headers remain external/dynamic unknown.	Sources/HSSwiftExtensions/LuaRuntime.swift:956 declaration; callers Sources/HSSwiftExtensions/LuaRuntime.swift:879, Sources/HSSwiftExtensions/LuaRuntime.swift:902; header declarations Sources/HSExtensions/CosmicHammer/MJLua.h:4
callAccessibilityStateCallback	native-bridge	callAccessibilityStateCallback	Sources/HSSwiftExtensions/LuaRuntime.swift:1122	"Sources/HSSwiftExtensions/AppDelegate.swift:455 `callAccessibilityStateCallback()`; Sources/HSSwiftExtensions/LuaRuntime.swift:1136 `os_log(.error, ""hs.callAccessibilityStateCallback: %{public}s"", err)`; Tests/CosmicHammerTests/AppLifecycleTests.swift:83 `callAccessibilityStateCallback()`"	same-target Swift plus test-only Swift identity; C export ABI statically unconsumed	typed LuaRuntime lifecycle/evaluation/callback-router seam; tests import Swift directly	No active in-repo C/ObjC or project-symbol dlsym consumer found; user/site dylibs and downstream clients of public static headers remain external/dynamic unknown.	Sources/HSSwiftExtensions/LuaRuntime.swift:1122 declaration; callers Sources/HSSwiftExtensions/AppDelegate.swift:455, Sources/HSSwiftExtensions/LuaRuntime.swift:1136, Tests/CosmicHammerTests/AppLifecycleTests.swift:83; header declarations Sources/HSExtensions/CosmicHammer/MJLua.h:19
textDroppedToDockIcon	native-bridge	textDroppedToDockIcon	Sources/HSSwiftExtensions/LuaRuntime.swift:1147	"Sources/HSSwiftExtensions/AppDelegate.swift:437 `textDroppedToDockIcon(pboardString as NSString)`; Tests/CosmicHammerTests/AppLifecycleTests.swift:84 `textDroppedToDockIcon(""text"" as NSString)`"	same-target Swift plus test-only Swift identity; C export ABI statically unconsumed	typed LuaRuntime lifecycle/evaluation/callback-router seam; tests import Swift directly	No active in-repo C/ObjC or project-symbol dlsym consumer found; user/site dylibs and downstream clients of public static headers remain external/dynamic unknown.	Sources/HSSwiftExtensions/LuaRuntime.swift:1147 declaration; callers Sources/HSSwiftExtensions/AppDelegate.swift:437, Tests/CosmicHammerTests/AppLifecycleTests.swift:84; header declarations Sources/HSExtensions/CosmicHammer/MJLua.h:20
fileDroppedToDockIcon	native-bridge	fileDroppedToDockIcon	Sources/HSSwiftExtensions/LuaRuntime.swift:1179	"Sources/HSSwiftExtensions/AppDelegate.swift:284 `fileDroppedToDockIcon(filename as NSString)`; Sources/HSSwiftExtensions/AppDelegate.swift:288 `fileDroppedToDockIcon(filename as NSString)`; Sources/HSSwiftExtensions/AppDelegate.swift:447 `fileDroppedToDockIcon(filePath as NSString)`; Tests/CosmicHammerTests/AppLifecycleTests.swift:85 `fileDroppedToDockIcon(""/tmp/file"" as NSString)`"	same-target Swift plus test-only Swift identity; C export ABI statically unconsumed	typed LuaRuntime lifecycle/evaluation/callback-router seam; tests import Swift directly	No active in-repo C/ObjC or project-symbol dlsym consumer found; user/site dylibs and downstream clients of public static headers remain external/dynamic unknown.	Sources/HSSwiftExtensions/LuaRuntime.swift:1179 declaration; callers Sources/HSSwiftExtensions/AppDelegate.swift:284, Sources/HSSwiftExtensions/AppDelegate.swift:288, Sources/HSSwiftExtensions/AppDelegate.swift:447, Tests/CosmicHammerTests/AppLifecycleTests.swift:85; header declarations Sources/HSExtensions/CosmicHammer/MJLua.h:21
callDockIconCallback	native-bridge	callDockIconCallback	Sources/HSSwiftExtensions/LuaRuntime.swift:1211	Sources/HSSwiftExtensions/AppDelegate.swift:237 `callDockIconCallback()`; Tests/CosmicHammerTests/AppLifecycleTests.swift:86 `callDockIconCallback()`	same-target Swift plus test-only Swift identity; C export ABI statically unconsumed	typed LuaRuntime lifecycle/evaluation/callback-router seam; tests import Swift directly	No active in-repo C/ObjC or project-symbol dlsym consumer found; user/site dylibs and downstream clients of public static headers remain external/dynamic unknown.	Sources/HSSwiftExtensions/LuaRuntime.swift:1211 declaration; callers Sources/HSSwiftExtensions/AppDelegate.swift:237, Tests/CosmicHammerTests/AppLifecycleTests.swift:86; header declarations Sources/HSExtensions/CosmicHammer/MJLua.h:18
MJLuaDeinit	native-bridge	MJLuaDeinit	Sources/HSSwiftExtensions/LuaRuntime.swift:1261	Sources/HSSwiftExtensions/LuaRuntime.swift:887 `MJLuaDeinit()`; Sources/HSSwiftExtensions/LuaRuntime.swift:897 `MJLuaDeinit()`	same-target Swift identity; C export ABI statically unconsumed	typed LuaRuntime lifecycle/evaluation/callback-router seam; tests import Swift directly	No active in-repo C/ObjC or project-symbol dlsym consumer found; user/site dylibs and downstream clients of public static headers remain external/dynamic unknown.	Sources/HSSwiftExtensions/LuaRuntime.swift:1261 declaration; callers Sources/HSSwiftExtensions/LuaRuntime.swift:887, Sources/HSSwiftExtensions/LuaRuntime.swift:897; header declarations Sources/HSExtensions/CosmicHammer/MJLua.h:5
MJLuaDealloc	native-bridge	MJLuaDealloc	Sources/HSSwiftExtensions/LuaRuntime.swift:1275	"Sources/HSSwiftExtensions/LuaRuntime.swift:888 `MJLuaDealloc()`; Sources/HSSwiftExtensions/LuaRuntime.swift:898 `MJLuaDealloc()`; Tests/CosmicHammerTests/EnvironmentDetachTests.swift:47 `MJLuaDealloc()`; Tests/CosmicHammerTests/EnvironmentDetachTests.swift:51 `""Current state must be nil after MJLuaDealloc"")`; Tests/CosmicHammerTests/EnvironmentDetachTests.swift:85 `MJLuaDealloc()`; Tests/CosmicHammerTests/EnvironmentDetachTests.swift:141 `MJLuaDealloc()`; Tests/CosmicHammerTests/EnvironmentDetachTests.swift:187 `MJLuaDealloc()`; Tests/CosmicHammerTests/EnvironmentDetachTests.swift:229 `MJLuaDealloc()`; Tests/CosmicHammerTests/EnvironmentDetachTests.swift:265 `MJLuaDealloc()`; Tests/CosmicHammerTests/EnvironmentDetachTests.swift:305 `MJLuaDealloc()`; Tests/CosmicHammerTests/EnvironmentDetachTests.swift:352 `MJLuaDealloc()`; Tests/CosmicHammerTests/EnvironmentDetachTests.swift:380 `MJLuaDealloc()`; Tests/CosmicHammerTests/EnvironmentDetachTests.swift:384 `""Generation must be bumped by MJLuaDealloc"")`; Tests/CosmicHammerTests/HotkeyTests.swift:61 `MJLuaDealloc()`; Tests/CosmicHammerTests/HotkeyTests.swift:90 `MJLuaDealloc()`"	same-target Swift plus test-only Swift identity; C export ABI statically unconsumed	typed LuaRuntime lifecycle/evaluation/callback-router seam; tests import Swift directly	No active in-repo C/ObjC or project-symbol dlsym consumer found; user/site dylibs and downstream clients of public static headers remain external/dynamic unknown.	Sources/HSSwiftExtensions/LuaRuntime.swift:1275 declaration; callers Sources/HSSwiftExtensions/LuaRuntime.swift:888, Sources/HSSwiftExtensions/LuaRuntime.swift:898, Tests/CosmicHammerTests/EnvironmentDetachTests.swift:47, Tests/CosmicHammerTests/EnvironmentDetachTests.swift:51, Tests/CosmicHammerTests/EnvironmentDetachTests.swift:85, Tests/CosmicHammerTests/EnvironmentDetachTests.swift:141, Tests/CosmicHammerTests/EnvironmentDetachTests.swift:187, Tests/CosmicHammerTests/EnvironmentDetachTests.swift:229, Tests/CosmicHammerTests/EnvironmentDetachTests.swift:265, Tests/CosmicHammerTests/EnvironmentDetachTests.swift:305, Tests/CosmicHammerTests/EnvironmentDetachTests.swift:352, Tests/CosmicHammerTests/EnvironmentDetachTests.swift:380, Tests/CosmicHammerTests/EnvironmentDetachTests.swift:384, Tests/CosmicHammerTests/HotkeyTests.swift:61, Tests/CosmicHammerTests/HotkeyTests.swift:90; header declarations Sources/HSExtensions/CosmicHammer/MJLua.h:6
MJLuaRunString	native-bridge	MJLuaRunString	Sources/HSSwiftExtensions/LuaRuntime.swift:1308	"Sources/HSSwiftExtensions/ConsoleWindowController.swift:325 `return MJLuaRunString(command as NSString) as String`; Sources/HSSwiftExtensions/LuaRuntime.swift:1311 `guard let L = currentLuaStateForCallback(""MJLuaRunString"") else { return """" }`; Sources/HSSwiftExtensions/LuaRuntime.swift:1315 `os_log(.error, ""ERROR: MJLuaRunString called before Lua lifecycle refs are available"")`; Sources/HSSwiftExtensions/LuaRuntime.swift:1322 `os_log(.error, ""ERROR: MJLuaRunString doesn't seem to have an evalfn"")`; Tests/CosmicHammerTests/AppLifecycleTests.swift:94 `#expect(MJLuaRunString(""return 1"") as String == """")`"	same-target Swift plus test-only Swift identity; C export ABI statically unconsumed	typed LuaRuntime lifecycle/evaluation/callback-router seam; tests import Swift directly	No active in-repo C/ObjC or project-symbol dlsym consumer found; user/site dylibs and downstream clients of public static headers remain external/dynamic unknown.	Sources/HSSwiftExtensions/LuaRuntime.swift:1308 declaration; callers Sources/HSSwiftExtensions/ConsoleWindowController.swift:325, Sources/HSSwiftExtensions/LuaRuntime.swift:1311, Sources/HSSwiftExtensions/LuaRuntime.swift:1315, Sources/HSSwiftExtensions/LuaRuntime.swift:1322, Tests/CosmicHammerTests/AppLifecycleTests.swift:94; header declarations Sources/HSExtensions/CosmicHammer/MJLua.h:13
MJLuaCompletionsForWord	native-bridge	MJLuaCompletionsForWord	Sources/HSSwiftExtensions/LuaRuntime.swift:1360	"Sources/HSSwiftExtensions/ConsoleWindowController.swift:411 `let completions = (MJLuaCompletionsForWord(completionWord as NSString) as? [String]) ?? []`; Sources/HSSwiftExtensions/LuaRuntime.swift:1363 `guard let L = currentLuaStateForCallback(""MJLuaCompletionsForWord"") else { return [] }`; Sources/HSSwiftExtensions/LuaRuntime.swift:1367 `os_log(.error, ""ERROR: MJLuaCompletionsForWord called before Lua lifecycle refs are available"")`; Sources/HSSwiftExtensions/LuaRuntime.swift:1382 `os_log(.error, ""MJLuaCompletionsForWord: %{public}s"", err)`; Tests/CosmicHammerTests/AppLifecycleTests.swift:95 `#expect(MJLuaCompletionsForWord("""").count == 0)`"	same-target Swift plus test-only Swift identity; C export ABI statically unconsumed	typed LuaRuntime lifecycle/evaluation/callback-router seam; tests import Swift directly	No active in-repo C/ObjC or project-symbol dlsym consumer found; user/site dylibs and downstream clients of public static headers remain external/dynamic unknown.	Sources/HSSwiftExtensions/LuaRuntime.swift:1360 declaration; callers Sources/HSSwiftExtensions/ConsoleWindowController.swift:411, Sources/HSSwiftExtensions/LuaRuntime.swift:1363, Sources/HSSwiftExtensions/LuaRuntime.swift:1367, Sources/HSSwiftExtensions/LuaRuntime.swift:1382, Tests/CosmicHammerTests/AppLifecycleTests.swift:95; header declarations Sources/HSExtensions/CosmicHammer/MJLua.h:14
MJGetActiveLuaState	native-bridge	MJGetActiveLuaState	Sources/HSSwiftExtensions/LuaRuntime.swift:1396	none	dead/header-only in active tree; C export ABI statically unconsumed	typed LuaRuntime lifecycle/evaluation/callback-router seam; tests import Swift directly	No active in-repo C/ObjC or project-symbol dlsym consumer found; user/site dylibs and downstream clients of public static headers remain external/dynamic unknown.	Sources/HSSwiftExtensions/LuaRuntime.swift:1396 declaration; header declarations Sources/HSExtensions/CosmicHammer/MJLua.h:16
luaopen_hs_libmarkdown	lua-entrypoint	luaopen_hs_libmarkdown	Sources/HSSwiftExtensions/Markdown.swift:454	G=142/342 via R and RT; L(extensions/doc/hsdocs/common.lp:14 and gfm.lp:22) through hs.doc.markdown alias installed by _boot.lua:35-36; T(Tests/CosmicHammerTests/ModuleRegistrationTests.swift:119); metadata-only symbol assertions in LuaBootLifecycleTests.swift:444 and LuaRegSafetyTests.swift:44	generated package.preload plus alias-mediated Lua require plus test typed reference	typed NativeModuleRegistry entry for hs.libmarkdown, preserving hs.doc.markdown alias	No other active-source callers found; external/dlsym use cannot be disproved	Sources/HSSwiftExtensions/Markdown.swift:454; G=142/342; H=56; M=55; D=53/149; L, alias metadata extensions/_coresetup/_loader_metadata.lua:555/591, and T as listed.
luaopen_hs_libmath	lua-entrypoint	luaopen_hs_libmath	Sources/HSSwiftExtensions/Math.swift:41	G=145/343 via R and RT; L(extensions/math/math.lua:41); T(Tests/CosmicHammerTests/MathFunctionalTests.swift:8; ModuleRegistrationTests.swift:11)	generated package.preload plus Lua require plus test typed references	typed NativeModuleRegistry entry for hs.libmath	No other active-source callers found; external/dlsym use cannot be disproved	Sources/HSSwiftExtensions/Math.swift:41; G=145/343; H=57; M=56; D=54/150; L and T as listed.
MJMenuIconSetup	native-bridge	MJMenuIconSetup	Sources/HSSwiftExtensions/MenuIcon.swift:7	"Sources/HSSwiftExtensions/AppDelegate.swift:349 `MJMenuIconSetup(self.menuBarMenu!)`; Tests/CosmicHammerTests/AppLifecycleTests.swift:64 `MJMenuIconSetup(NSMenu(title: ""Test Menu""))`"	same-target Swift plus test-only Swift identity; C export ABI statically unconsumed	typed MenuIconController/settings seam	No active in-repo C/ObjC or project-symbol dlsym consumer found; user/site dylibs and downstream clients of public static headers remain external/dynamic unknown.	Sources/HSSwiftExtensions/MenuIcon.swift:7 declaration; callers Sources/HSSwiftExtensions/AppDelegate.swift:349, Tests/CosmicHammerTests/AppLifecycleTests.swift:64; header declarations Sources/HSExtensions/CosmicHammer/MJMenuIcon.h:3
MJMenuIconVisible	native-bridge	MJMenuIconVisible	Sources/HSSwiftExtensions/MenuIcon.swift:13	Sources/HSSwiftExtensions/LuaRuntime.swift:199 `lua_pushboolean(L, MJMenuIconVisible() ? 1 : 0)`; Sources/HSSwiftExtensions/MenuIcon.swift:36 `if MJMenuIconVisible() {`; Sources/HSSwiftExtensions/PreferencesWindowController.swift:287 `showMenuIconCheckbox.state = MJMenuIconVisible() ? .on : .off`; Sources/HSSwiftExtensions/PreferencesWindowController.swift:303 `self.showMenuIconCheckbox.state = MJMenuIconVisible() ? .on : .off`; Sources/HSSwiftExtensions/PreferencesWindowController.swift:367 `guard !MJMenuIconVisible() && !MJDockIconVisible() else { return }`; Tests/CosmicHammerTests/AppLifecycleTests.swift:68 `#expect(MJMenuIconVisible() == true)`; Tests/CosmicHammerTests/AppLifecycleTests.swift:71 `#expect(MJMenuIconVisible() == true)`; Tests/CosmicHammerTests/AppLifecycleTests.swift:74 `#expect(MJMenuIconVisible() == false)`; Tests/CosmicHammerTests/DSTSettingsIntegrationTests.swift:35 `#expect(MJMenuIconVisible() == true)`; Tests/CosmicHammerTests/DSTSettingsIntegrationTests.swift:37 `#expect(MJMenuIconVisible() == false)`; Tests/CosmicHammerTests/DSTSettingsIntegrationTests.swift:101 `_ = MJMenuIconVisible()`	same-target Swift plus test-only Swift identity; C export ABI statically unconsumed	typed MenuIconController/settings seam	No active in-repo C/ObjC or project-symbol dlsym consumer found; user/site dylibs and downstream clients of public static headers remain external/dynamic unknown.	Sources/HSSwiftExtensions/MenuIcon.swift:13 declaration; callers Sources/HSSwiftExtensions/LuaRuntime.swift:199, Sources/HSSwiftExtensions/MenuIcon.swift:36, Sources/HSSwiftExtensions/PreferencesWindowController.swift:287, Sources/HSSwiftExtensions/PreferencesWindowController.swift:303, Sources/HSSwiftExtensions/PreferencesWindowController.swift:367, Tests/CosmicHammerTests/AppLifecycleTests.swift:68, Tests/CosmicHammerTests/AppLifecycleTests.swift:71, Tests/CosmicHammerTests/AppLifecycleTests.swift:74, Tests/CosmicHammerTests/DSTSettingsIntegrationTests.swift:35, Tests/CosmicHammerTests/DSTSettingsIntegrationTests.swift:37, Tests/CosmicHammerTests/DSTSettingsIntegrationTests.swift:101; header declarations Sources/HSExtensions/CosmicHammer/MJMenuIcon.h:4
MJMenuIconSetVisible	native-bridge	MJMenuIconSetVisible	Sources/HSSwiftExtensions/MenuIcon.swift:21	Sources/HSSwiftExtensions/LuaRuntime.swift:198 `if lua_isboolean(L, 1) { MJMenuIconSetVisible(lua_toboolean(L, 1) != 0) }`; Sources/HSSwiftExtensions/PreferencesWindowController.swift:356 `MJMenuIconSetVisible(sender.state == .on)`; Tests/CosmicHammerTests/AppLifecycleTests.swift:70 `MJMenuIconSetVisible(true)`; Tests/CosmicHammerTests/AppLifecycleTests.swift:73 `MJMenuIconSetVisible(false)`	same-target Swift plus test-only Swift identity; C export ABI statically unconsumed	typed MenuIconController/settings seam	No active in-repo C/ObjC or project-symbol dlsym consumer found; user/site dylibs and downstream clients of public static headers remain external/dynamic unknown.	Sources/HSSwiftExtensions/MenuIcon.swift:21 declaration; callers Sources/HSSwiftExtensions/LuaRuntime.swift:198, Sources/HSSwiftExtensions/PreferencesWindowController.swift:356, Tests/CosmicHammerTests/AppLifecycleTests.swift:70, Tests/CosmicHammerTests/AppLifecycleTests.swift:73; header declarations Sources/HSExtensions/CosmicHammer/MJMenuIcon.h:5
luaopen_hs_libmenubar	lua-entrypoint	luaopen_hs_libmenubar	Sources/HSSwiftExtensions/Menubar.swift:753	G=148/344 via R and RT; L(extensions/menubar/menubar.lua:5); T(Tests/CosmicHammerTests/MenubarGCTests.swift:17)	generated package.preload plus Lua require plus test typed reference	typed NativeModuleRegistry entry for hs.libmenubar	No other active-source callers found; external/dlsym use cannot be disproved	Sources/HSSwiftExtensions/Menubar.swift:753; G=148/344; H=58; M=57; D=55/151; L and T as listed.
luaopen_hs_libmidi	lua-entrypoint	luaopen_hs_libmidi	Sources/HSSwiftExtensions/Midi.swift:12	G=151/345 via R and RT; L(extensions/midi/midi.lua:22); no direct test typed call	generated package.preload plus Lua require	typed NativeModuleRegistry entry for hs.libmidi	No other active-source callers found; external/dlsym use cannot be disproved	Sources/HSSwiftExtensions/Midi.swift:12; G=151/345; H=59; M=59; D=56/152; L=extensions/midi/midi.lua:22.
luaopen_hs_libmilight	lua-entrypoint	luaopen_hs_libmilight	Sources/HSSwiftExtensions/Milight.swift:201	G=154/346 via R and RT; L(extensions/milight/milight.lua:5); no direct test typed call	generated package.preload plus Lua require	typed NativeModuleRegistry entry for hs.libmilight	No other active-source callers found; external/dlsym use cannot be disproved	Sources/HSSwiftExtensions/Milight.swift:201; G=154/346; H=60; M=60; D=57/153; L=extensions/milight/milight.lua:5.
luaopen_hs_libmouse	lua-entrypoint	luaopen_hs_libmouse	Sources/HSSwiftExtensions/Mouse.swift:344	G=157/347 via R and RT; L(extensions/mouse/mouse.lua:33); T(Tests/CosmicHammerTests/ModuleRegistrationTests.swift:32)	generated package.preload plus Lua require plus test typed reference	typed NativeModuleRegistry entry for hs.libmouse	No other active-source callers found; external/dlsym use cannot be disproved	Sources/HSSwiftExtensions/Mouse.swift:344; G=157/347; H=61; M=62; D=58/154; L and T as listed.
luaopen_hs_libnetworkconfiguration	lua-entrypoint	luaopen_hs_libnetworkconfiguration	Sources/HSSwiftExtensions/NetworkConfiguration.swift:607	G=160/348 via R and RT; L(extensions/network/network_configuration.lua:6); T(Tests/CosmicHammerTests/NetworkConfigurationTests.swift:10)	generated package.preload plus Lua require plus test typed reference	typed NativeModuleRegistry entry for hs.libnetworkconfiguration	No other active-source callers found; external/dlsym use cannot be disproved	Sources/HSSwiftExtensions/NetworkConfiguration.swift:607; G=160/348; H=62; M=63; D=59/155; L and T as listed.
luaopen_hs_libnetworkhost	lua-entrypoint	luaopen_hs_libnetworkhost	Sources/HSSwiftExtensions/NetworkHost.swift:354	G=163/349 via R and RT; L(extensions/network/network_host.lua:6); no direct test typed call	generated package.preload plus Lua require	typed NativeModuleRegistry entry for hs.libnetworkhost	No other active-source callers found; external/dlsym use cannot be disproved	Sources/HSSwiftExtensions/NetworkHost.swift:354; G=163/349; H=63; M=63; D=60/156; L=extensions/network/network_host.lua:6.
luaopen_hs_libnetworkping	lua-entrypoint	luaopen_hs_libnetworkping	Sources/HSSwiftExtensions/NetworkPing.swift:329	G=166/350 via R and RT; L(extensions/network/ping/network_ping.lua:8); T(Tests/CosmicHammerTests/NetworkPingTests.swift:10)	generated package.preload plus Lua require plus test typed reference	typed NativeModuleRegistry entry for hs.libnetworkping	No other active-source callers found; external/dlsym use cannot be disproved	Sources/HSSwiftExtensions/NetworkPing.swift:329; G=166/350; H=64; M=63; D=61/157; L and T as listed.
luaopen_hs_libnetworkreachability	lua-entrypoint	luaopen_hs_libnetworkreachability	Sources/HSSwiftExtensions/NetworkReachability.swift:261	G=169/351 via R and RT; L(extensions/network/network_reachability.lua:33); T(Tests/CosmicHammerTests/NetworkReachabilityTests.swift:10)	generated package.preload plus Lua require plus test typed reference	typed NativeModuleRegistry entry for hs.libnetworkreachability	No other active-source callers found; external/dlsym use cannot be disproved	Sources/HSSwiftExtensions/NetworkReachability.swift:261; G=169/351; H=65; M=63; D=62/158; L and T as listed.
luaopen_hs_libnoises	lua-entrypoint	luaopen_hs_libnoises	Sources/HSSwiftExtensions/Noises.swift:52	G=172/352 via R and RT; L(extensions/noises/noises.lua:27); no direct test typed call	generated package.preload plus Lua require	typed NativeModuleRegistry entry for hs.libnoises	No other active-source callers found; external/dlsym use cannot be disproved	Sources/HSSwiftExtensions/Noises.swift:52; G=172/352; H=66; M=64; D=63/159; L=extensions/noises/noises.lua:27.
luaopen_hs_libnotify	lua-entrypoint	luaopen_hs_libnotify	Sources/HSSwiftExtensions/Notify.swift:476	G=175/353 via R and RT; L(extensions/notify/notify.lua:18); T(Tests/CosmicHammerTests/NotifyTests.swift:10; ObjectConversionRegressionTests.swift:21)	generated package.preload plus Lua require plus test typed references	typed NativeModuleRegistry entry for hs.libnotify	No other active-source callers found; external/dlsym use cannot be disproved	Sources/HSSwiftExtensions/Notify.swift:476; G=175/353; H=67; M=65; D=64/160; L and T as listed.
luaopen_hs_libopentelemetry	lua-entrypoint	luaopen_hs_libopentelemetry	Sources/HSSwiftExtensions/OpenTelemetryModule.swift:301	G=178/354 via R and RT; L(extensions/opentelemetry/opentelemetry.lua:5); B(Benchmarks/OTELBenchmarks/LuaOTELBenchmarkRuntime.swift:7-8,38-40) direct @_silgen_name import and call; T(Tests/CosmicHammerTests/OpenTelemetryFunctionalTests.swift:8/17; OpenTelemetryLifecycleStressTests.swift:8/78; OpenTelemetryPropagationConformanceTests.swift:8/69; ModuleRegistrationTests.swift:47)	generated package.preload plus Lua require plus benchmark/test typed references	typed NativeModuleRegistry entry for hs.libopentelemetry; benchmark imports the typed Swift entrypoint directly	No other active-source callers found; external/dlsym use cannot be disproved	Sources/HSSwiftExtensions/OpenTelemetryModule.swift:301; G=178/354; H=68; M=67; D=65/161; L and T as listed; Benchmarks/OTELBenchmarks/LuaOTELBenchmarkRuntime.swift:7-8,38-40.
luaopen_hs_libosascript	lua-entrypoint	luaopen_hs_libosascript	Sources/HSSwiftExtensions/Osascript.swift:114	G=181/355 via R and RT; L(extensions/osascript/osascript.lua:6); T(Tests/CosmicHammerTests/ModuleRegistrationTests.swift:44)	generated package.preload plus Lua require plus test typed reference	typed NativeModuleRegistry entry for hs.libosascript	No other active-source callers found; external/dlsym use cannot be disproved	Sources/HSSwiftExtensions/Osascript.swift:114; G=181/355; H=69; M=66; D=66/162; L and T as listed.
luaopen_hs_libpasteboard	lua-entrypoint	luaopen_hs_libpasteboard	Sources/HSSwiftExtensions/Pasteboard.swift:1065	G=184/356 via R and RT; L(extensions/pasteboard/pasteboard.lua:7); no direct test typed call	generated package.preload plus Lua require	typed NativeModuleRegistry entry for hs.libpasteboard	No other active-source callers found; external/dlsym use cannot be disproved	Sources/HSSwiftExtensions/Pasteboard.swift:1065; G=184/356; H=70; M=68; D=67/163; L=extensions/pasteboard/pasteboard.lua:7.
luaopen_hs_libpasteboardwatcher	lua-entrypoint	luaopen_hs_libpasteboardwatcher	Sources/HSSwiftExtensions/PasteboardWatcher.swift:155	G=187/357 via R and RT; L(extensions/pasteboard/pasteboard.lua:8); T(Tests/CosmicHammerTests/DSTPasteboardWatcherTests.swift:244)	generated package.preload plus Lua require plus test typed reference	typed NativeModuleRegistry entry for hs.libpasteboardwatcher with hs.pasteboard.watcher alias	No other active-source callers found; external/dlsym use cannot be disproved	Sources/HSSwiftExtensions/PasteboardWatcher.swift:155; G=187/357; H=71; M=68; D=68/164; L and T as listed; alias metadata extensions/_coresetup/_loader_metadata.lua:565/601.
luaopen_hs_libpathwatcher	lua-entrypoint	luaopen_hs_libpathwatcher	Sources/HSSwiftExtensions/Pathwatcher.swift:236	G=190/358 via R and RT; L(extensions/pathwatcher/pathwatcher.lua:12); T(Tests/CosmicHammerTests/PathwatcherTests.swift:16)	generated package.preload plus Lua require plus test typed reference	typed NativeModuleRegistry entry for hs.libpathwatcher	No other active-source callers found; external/dlsym use cannot be disproved	Sources/HSSwiftExtensions/Pathwatcher.swift:236; G=190/358; H=72; M=69; D=69/165; L and T as listed.
luaopen_hs_libplist	lua-entrypoint	luaopen_hs_libplist	Sources/HSSwiftExtensions/Plist.swift:165	G=193/359 via R and RT; L(extensions/plist/plist.lua:6); T(Tests/CosmicHammerTests/PlistFunctionalTests.swift:9; ModuleRegistrationTests.swift:38)	generated package.preload plus Lua require plus test typed references	typed NativeModuleRegistry entry for hs.libplist	No other active-source callers found; external/dlsym use cannot be disproved	Sources/HSSwiftExtensions/Plist.swift:165; G=193/359; H=73; M=70; D=70/166; L and T as listed.
PreferencesDarkModeEnabled	native-bridge	PreferencesDarkModeEnabled	Sources/HSSwiftExtensions/PreferencesWindowController.swift:17	Sources/HSSwiftExtensions/LuaRuntime.swift:652 `lua_pushboolean(L, PreferencesDarkModeEnabled() ? 1 : 0)`; Sources/HSSwiftExtensions/PreferencesWindowController.swift:79 `if PreferencesDarkModeEnabled() {`; Tests/CosmicHammerTests/DSTSettingsIntegrationTests.swift:75 `#expect(PreferencesDarkModeEnabled() == true)`; Tests/CosmicHammerTests/DSTSettingsIntegrationTests.swift:77 `#expect(PreferencesDarkModeEnabled() == false)`; Tests/CosmicHammerTests/DSTSettingsIntegrationTests.swift:105 `_ = PreferencesDarkModeEnabled()`	same-target Swift plus test-only Swift identity; C export ABI statically unconsumed	typed PreferencesAppearance/settings seam	No active in-repo C/ObjC or project-symbol dlsym consumer found; user/site dylibs and downstream clients of public static headers remain external/dynamic unknown.	Sources/HSSwiftExtensions/PreferencesWindowController.swift:17 declaration; callers Sources/HSSwiftExtensions/LuaRuntime.swift:652, Sources/HSSwiftExtensions/PreferencesWindowController.swift:79, Tests/CosmicHammerTests/DSTSettingsIntegrationTests.swift:75, Tests/CosmicHammerTests/DSTSettingsIntegrationTests.swift:77, Tests/CosmicHammerTests/DSTSettingsIntegrationTests.swift:105; header declarations Sources/HSExtensions/CosmicHammer/MJPreferencesWindowController.h:13
PreferencesDarkModeSetEnabled	native-bridge	PreferencesDarkModeSetEnabled	Sources/HSSwiftExtensions/PreferencesWindowController.swift:25	Sources/HSSwiftExtensions/LuaRuntime.swift:648 `PreferencesDarkModeSetEnabled(lua_toboolean(L, 1) != 0)`; Tests/CosmicHammerTests/DSTSettingsIntegrationTests.swift:132 `PreferencesDarkModeSetEnabled(true)`; Tests/CosmicHammerTests/DSTSettingsIntegrationTests.swift:134 `PreferencesDarkModeSetEnabled(false)`	same-target Swift plus test-only Swift identity; C export ABI statically unconsumed	typed PreferencesAppearance/settings seam	No active in-repo C/ObjC or project-symbol dlsym consumer found; user/site dylibs and downstream clients of public static headers remain external/dynamic unknown.	Sources/HSSwiftExtensions/PreferencesWindowController.swift:25 declaration; callers Sources/HSSwiftExtensions/LuaRuntime.swift:648, Tests/CosmicHammerTests/DSTSettingsIntegrationTests.swift:132, Tests/CosmicHammerTests/DSTSettingsIntegrationTests.swift:134; header declarations Sources/HSExtensions/CosmicHammer/MJPreferencesWindowController.h:14
luaopen_hs_libtask	lua-entrypoint	luaopen_hs_libtask	Sources/HSSwiftExtensions/ProcessTask.swift:173	G=247/377 via R and RT; L(extensions/task/task.lua:9); T(Tests/CosmicHammerTests/TaskTelemetryTests.swift:10)	generated package.preload plus Lua require plus test typed reference	typed NativeModuleRegistry entry for hs.libtask	No other active-source callers found; external/dlsym use cannot be disproved	Sources/HSSwiftExtensions/ProcessTask.swift:173; G=247/377; H=91; M=89; D=88/184; L and T as listed.
luaopen_hs_librazer	lua-entrypoint	luaopen_hs_librazer	Sources/HSSwiftExtensions/Razer.swift:1247	G=196/360 via R and RT; L(extensions/razer/razer.lua:36); T(Tests/CosmicHammerTests/RazerCallbackGaugeTests.swift:7/13)	generated package.preload plus Lua require plus test typed reference	typed NativeModuleRegistry entry for hs.librazer	No other active-source callers found; external/dlsym use cannot be disproved	Sources/HSSwiftExtensions/Razer.swift:1247; G=196/360; H=74; M=71; D=71/167; L and T as listed.
luaopen_hs_liblsqlite3	lua-entrypoint	luaopen_hs_liblsqlite3	Sources/HSSwiftExtensions/SQLite3Module.swift:1940	G=139/341 via R and RT; L(extensions/sqlite3/sqlite3.lua:9); T(Tests/CosmicHammerTests/OpenTelemetryLifecycleStressTests.swift:271; SQLite3CallbackGaugeTests.swift:13)	generated package.preload plus Lua require plus test typed references	typed NativeModuleRegistry entry for hs.liblsqlite3	No other active-source callers found; external/dlsym use cannot be disproved	Sources/HSSwiftExtensions/SQLite3Module.swift:1940; G=139/341; H=55; M=84; D=52/148; L and T as listed.
luaopen_hs_libscreen	lua-entrypoint	luaopen_hs_libscreen	Sources/HSSwiftExtensions/Screen.swift:931	G=199/361 via R and RT; L(extensions/screen/screen.lua:18); no direct test typed call	generated package.preload plus Lua require	typed NativeModuleRegistry entry for hs.libscreen	No other active-source callers found; external/dlsym use cannot be disproved	Sources/HSSwiftExtensions/Screen.swift:931; G=199/361; H=75; M=73; D=72/168; L=extensions/screen/screen.lua:18.
luaopen_hs_libscreenwatcher	lua-entrypoint	luaopen_hs_libscreenwatcher	Sources/HSSwiftExtensions/ScreenWatcher.swift:128	G=202/362 via R and RT; L(extensions/screen/screen.lua:22); T(Tests/CosmicHammerTests/ScreenWatcherTests.swift:10)	generated package.preload plus Lua require plus test typed reference	typed NativeModuleRegistry entry for hs.libscreenwatcher with hs.screen.watcher alias	No other active-source callers found; external/dlsym use cannot be disproved	Sources/HSSwiftExtensions/ScreenWatcher.swift:128; G=202/362; H=76; M=73; D=73/169; L and T as listed; alias metadata extensions/_coresetup/_loader_metadata.lua:566/602.
luaopen_hs_libserial	lua-entrypoint	luaopen_hs_libserial	Sources/HSSwiftExtensions/Serial.swift:664	G=205/363 via R and RT; L(extensions/serial/serial.lua:16); T(Tests/CosmicHammerTests/SerialTests.swift:12)	generated package.preload plus Lua require plus test typed reference	typed NativeModuleRegistry entry for hs.libserial	No other active-source callers found; external/dlsym use cannot be disproved	Sources/HSSwiftExtensions/Serial.swift:664; G=205/363; H=77; M=74; D=74/170; L and T as listed.
luaopen_hs_libsettings	lua-entrypoint	luaopen_hs_libsettings	Sources/HSSwiftExtensions/Settings.swift:306	G=208/364 via R and RT; L(extensions/settings/settings.lua:9); T(Tests/CosmicHammerTests/SettingsFunctionalTests.swift:12; DSTFaultInjectionTests.swift:39; ModuleRegistrationTests.swift:35; OpenTelemetryFunctionalTests.swift:11)	generated package.preload plus Lua require plus test typed references	typed NativeModuleRegistry entry for hs.libsettings	No other active-source callers found; external/dlsym use cannot be disproved	Sources/HSSwiftExtensions/Settings.swift:306; G=208/364; H=78; M=75; D=75/171; L and T as listed.
luaopen_hs_libsharing	lua-entrypoint	luaopen_hs_libsharing	Sources/HSSwiftExtensions/Sharing.swift:285	G=211/365 via R and RT; L(extensions/sharing/sharing.lua:27); T(Tests/CosmicHammerTests/SharingTests.swift:32)	generated package.preload plus Lua require plus test typed reference	typed NativeModuleRegistry entry for hs.libsharing	No other active-source callers found; external/dlsym use cannot be disproved	Sources/HSSwiftExtensions/Sharing.swift:285; G=211/365; H=79; M=76; D=76/172; L and T as listed.
luaopen_hs_libshortcuts	lua-entrypoint	luaopen_hs_libshortcuts	Sources/HSSwiftExtensions/Shortcuts.swift:94	G=214/366 via R and RT; L(extensions/shortcuts/shortcuts.lua:11); no direct test typed call	generated package.preload plus Lua require	typed NativeModuleRegistry entry for hs.libshortcuts	No other active-source callers found; external/dlsym use cannot be disproved	Sources/HSSwiftExtensions/Shortcuts.swift:94; G=214/366; H=80; M=77; D=77/173; L=extensions/shortcuts/shortcuts.lua:11.
luaopen_hs_libsocket	lua-entrypoint	luaopen_hs_libsocket	Sources/HSSwiftExtensions/Socket.swift:1934	G=217/367 via R and RT; L(extensions/socket/socket.lua:151); no direct test typed call	generated package.preload plus Lua require	typed NativeModuleRegistry entry for hs.libsocket	No other active-source callers found; external/dlsym use cannot be disproved	Sources/HSSwiftExtensions/Socket.swift:1934; G=217/367; H=81; M=78; D=78/174; L=extensions/socket/socket.lua:151.
luaopen_hs_libsocketudp	lua-entrypoint	luaopen_hs_libsocketudp	Sources/HSSwiftExtensions/SocketUdp.swift:1209	G=220/368 via R and RT; L(extensions/socket/socket.lua:152); no direct test typed call	generated package.preload plus Lua require	typed NativeModuleRegistry entry for hs.libsocketudp with hs.socket.udp alias	No other active-source callers found; external/dlsym use cannot be disproved	Sources/HSSwiftExtensions/SocketUdp.swift:1209; G=220/368; H=82; M=78; D=79/175; L=extensions/socket/socket.lua:152; alias metadata extensions/_coresetup/_loader_metadata.lua:567/603.
luaopen_hs_libsound	lua-entrypoint	luaopen_hs_libsound	Sources/HSSwiftExtensions/Sound.swift:278	G=223/369 via R and RT; L(extensions/sound/sound.lua:7); T(Tests/CosmicHammerTests/SoundTests.swift:11)	generated package.preload plus Lua require plus test typed reference	typed NativeModuleRegistry entry for hs.libsound	No other active-source callers found; external/dlsym use cannot be disproved	Sources/HSSwiftExtensions/Sound.swift:278; G=223/369; H=83; M=79; D=80/176; L and T as listed.
luaopen_hs_libspaces	lua-entrypoint	luaopen_hs_libspaces	Sources/HSSwiftExtensions/Spaces.swift:261	G=226/370 via R and RT; L(extensions/spaces/spaces.lua:17) computes hs.libspaces dynamically; T(Tests/CosmicHammerTests/SpacesCrashTests.swift:15)	generated package.preload plus computed Lua require plus test typed reference	typed NativeModuleRegistry entry for hs.libspaces	Computed require is statically resolved from hs.spaces at line 17; no other active-source callers found, external/dlsym use cannot be disproved	Sources/HSSwiftExtensions/Spaces.swift:261; G=226/370; H=84; M=80; D=81/177; L and T as listed.
luaopen_hs_libspaces_watcher	lua-entrypoint	luaopen_hs_libspaces_watcher	Sources/HSSwiftExtensions/SpacesWatcher.swift:116	G=229/371 via R and RT; L(extensions/spaces/spaces.lua:18) via hs.spaces.watcher alias; T(Tests/CosmicHammerTests/SpacesCrashTests.swift:80)	generated package.preload plus alias-mediated Lua require plus test typed reference	typed NativeModuleRegistry entry for hs.libspaces_watcher with hs.spaces.watcher alias	No other active-source callers found; external/dlsym use cannot be disproved	Sources/HSSwiftExtensions/SpacesWatcher.swift:116; G=229/371; H=85; M=80; D=82/178; L and T as listed; alias metadata extensions/_coresetup/_loader_metadata.lua:568/604.
luaopen_hs_libspeech	lua-entrypoint	luaopen_hs_libspeech	Sources/HSSwiftExtensions/Speech.swift:233	G=232/372 via R and RT; L(extensions/speech/speech.lua:15); T(Tests/CosmicHammerTests/EnvironmentDetachTests.swift:217)	generated package.preload plus Lua require plus test typed reference	typed NativeModuleRegistry entry for hs.libspeech	No other active-source callers found; external/dlsym use cannot be disproved	Sources/HSSwiftExtensions/Speech.swift:233; G=232/372; H=86; M=81; D=83/179; L and T as listed.
luaopen_hs_libspeechlistener	lua-entrypoint	luaopen_hs_libspeechlistener	Sources/HSSwiftExtensions/SpeechListener.swift:84	G=235/373 via R and RT; L(extensions/speech/speech.lua:17); T(Tests/CosmicHammerTests/EnvironmentDetachTests.swift:219)	generated package.preload plus Lua require plus test typed reference	typed NativeModuleRegistry entry for hs.libspeechlistener	No other active-source callers found; external/dlsym use cannot be disproved	Sources/HSSwiftExtensions/SpeechListener.swift:84; G=235/373; H=87; M=81; D=84/180; L and T as listed.
luaopen_hs_libspotlight	lua-entrypoint	luaopen_hs_libspotlight	Sources/HSSwiftExtensions/Spotlight.swift:795	G=238/374 via R and RT; L(extensions/spotlight/spotlight.lua:36); T(Tests/CosmicHammerTests/TigerStyleSystemATests.swift:71)	generated package.preload plus Lua require plus test typed reference	typed NativeModuleRegistry entry for hs.libspotlight	No other active-source callers found; external/dlsym use cannot be disproved	Sources/HSSwiftExtensions/Spotlight.swift:795; G=238/374; H=88; M=83; D=85/181; L and T as listed.
luaopen_hs_libstreamdeck	lua-entrypoint	luaopen_hs_libstreamdeck	Sources/HSSwiftExtensions/StreamDeck.swift:1475	G=241/375 via R and RT; L(extensions/streamdeck/streamdeck.lua:27); T(Tests/CosmicHammerTests/StreamDeckCallbackGaugeTests.swift:7/13)	generated package.preload plus Lua require plus test typed reference	typed NativeModuleRegistry entry for hs.libstreamdeck	No other active-source callers found; external/dlsym use cannot be disproved	Sources/HSSwiftExtensions/StreamDeck.swift:1475; G=241/375; H=89; M=85; D=86/182; L and T as listed.
luaopen_hs_libstyledtext	lua-entrypoint	luaopen_hs_libstyledtext	Sources/HSSwiftExtensions/Styledtext.swift:1692	G=244/376 via R and RT; L(extensions/styledtext/styledtext.lua:74); T(Tests/CosmicHammerTests/CanvasValueConversionTests.swift:12/169)	generated package.preload plus Lua require plus test typed reference	typed NativeModuleRegistry entry for hs.libstyledtext	No other active-source callers found; external/dlsym use cannot be disproved	Sources/HSSwiftExtensions/Styledtext.swift:1692; G=244/376; H=90; M=86; D=87/183; L and T as listed.
luaopen_hs_libtimer	lua-entrypoint	luaopen_hs_libtimer	Sources/HSSwiftExtensions/Timer.swift:294	G=250/378 via R and RT; L(extensions/timer/timer.lua:9); T(Tests/CosmicHammerTests/TimerFunctionalTests.swift:11)	generated package.preload plus Lua require plus test typed reference	typed NativeModuleRegistry entry for hs.libtimer	No other active-source callers found; external/dlsym use cannot be disproved	Sources/HSSwiftExtensions/Timer.swift:294; G=250/378; H=92; M=90; D=89/185; L and T as listed.
luaopen_hs_libusb	lua-entrypoint	luaopen_hs_libusb	Sources/HSSwiftExtensions/USB.swift:81	G=262/382 via R and RT; L(extensions/usb/usb.lua:5); T(Tests/CosmicHammerTests/ModuleRegistrationTests.swift:29)	generated package.preload plus Lua require plus test typed reference	typed NativeModuleRegistry entry for hs.libusb	No other active-source callers found; external/dlsym use cannot be disproved	Sources/HSSwiftExtensions/USB.swift:81; G=262/382; H=96; M=93; D=93/189; L and T as listed.
luaopen_hs_libusbwatcher	lua-entrypoint	luaopen_hs_libusbwatcher	Sources/HSSwiftExtensions/USBWatcher.swift:294	G=265/383 via R and RT; L(extensions/usb/usb.lua:6); T(Tests/CosmicHammerTests/USBWatcherTests.swift:10)	generated package.preload plus Lua require plus test typed reference	typed NativeModuleRegistry entry for hs.libusbwatcher with hs.usb.watcher alias	No other active-source callers found; external/dlsym use cannot be disproved	Sources/HSSwiftExtensions/USBWatcher.swift:294; G=265/383; H=97; M=93; D=94/190; L and T as listed; alias metadata extensions/_coresetup/_loader_metadata.lua:570/606.
luaopen_hs_libuielement	lua-entrypoint	luaopen_hs_libuielement	Sources/HSSwiftExtensions/Uielement.swift:145	G=253/379 via R and RT; L(extensions/uielement/uielement.lua:5); no direct test typed call	generated package.preload plus Lua require	typed NativeModuleRegistry entry for hs.libuielement	No other active-source callers found; external/dlsym use cannot be disproved	Sources/HSSwiftExtensions/Uielement.swift:145; G=253/379; H=93; M=91; D=90/186; L=extensions/uielement/uielement.lua:5.
luaopen_hs_libuielementwatcher	lua-entrypoint	luaopen_hs_libuielementwatcher	Sources/HSSwiftExtensions/UielementWatcher.swift:41	G=256/380 via R and RT; L(extensions/uielement/uielement.lua:6) and public hs.uielement.watcher alias; T(Tests/CosmicHammerTests/UielementWatcherGaugeTests.swift:7/13)	generated package.preload plus Lua require plus test typed reference	typed NativeModuleRegistry entry for hs.libuielementwatcher with hs.uielement.watcher alias	No other active-source callers found; external/dlsym use cannot be disproved	Sources/HSSwiftExtensions/UielementWatcher.swift:41; G=256/380; H=94; M=91; D=91/187; L and T as listed; alias metadata extensions/_coresetup/_loader_metadata.lua:569/605.
luaopen_hs_liburlevent	lua-entrypoint	luaopen_hs_liburlevent	Sources/HSSwiftExtensions/Urlevent.swift:374	G=259/381 via R and RT; L(extensions/urlevent/urlevent.lua:18); T(Tests/CosmicHammerTests/UrleventTests.swift:135)	generated package.preload plus Lua require plus test typed reference	typed NativeModuleRegistry entry for hs.liburlevent	No other active-source callers found; external/dlsym use cannot be disproved	Sources/HSSwiftExtensions/Urlevent.swift:374; G=259/381; H=95; M=92; D=92/188; L and T as listed.
MJVersionFromThisApp	native-bridge	MJVersionFromThisApp	Sources/HSSwiftExtensions/VersionUtils.swift:7	none	dead/header-only in active tree; C export ABI statically unconsumed	typed version parser/app-version helper; remove unused C wrapper	No active in-repo C/ObjC or project-symbol dlsym consumer found; user/site dylibs and downstream clients of public static headers remain external/dynamic unknown.	Sources/HSSwiftExtensions/VersionUtils.swift:7 declaration; header declarations Sources/HSExtensions/CosmicHammer/MJVersionUtils.h:3
MJVersionFromString	native-bridge	MJVersionFromString	Sources/HSSwiftExtensions/VersionUtils.swift:18	none	dead/header-only in active tree; C export ABI statically unconsumed	typed version parser/app-version helper; remove unused C wrapper	No active in-repo C/ObjC or project-symbol dlsym consumer found; user/site dylibs and downstream clients of public static headers remain external/dynamic unknown.	Sources/HSSwiftExtensions/VersionUtils.swift:18 declaration; header declarations Sources/HSExtensions/CosmicHammer/MJVersionUtils.h:4
luaopen_hs_libwebsocket	lua-entrypoint	luaopen_hs_libwebsocket	Sources/HSSwiftExtensions/Websocket.swift:255	G=268/384 via R and RT; L(extensions/websocket/websocket.lua:5); no direct test typed call	generated package.preload plus Lua require	typed NativeModuleRegistry entry for hs.libwebsocket	No other active-source callers found; external/dlsym use cannot be disproved	Sources/HSSwiftExtensions/Websocket.swift:255; G=268/384; H=98; M=97; D=95/191; L=extensions/websocket/websocket.lua:5.
luaopen_hs_libwebview	lua-entrypoint	luaopen_hs_libwebview	Sources/HSSwiftExtensions/Webview.swift:1896	G=271/385 via R and RT; L(extensions/webview/webview.lua:29); no direct test typed call	generated package.preload plus Lua require	typed NativeModuleRegistry entry for hs.libwebview	No other active-source callers found; external/dlsym use cannot be disproved	Sources/HSSwiftExtensions/Webview.swift:1896; G=271/385; H=99; M=98; D=96/192; L=extensions/webview/webview.lua:29.
luaopen_hs_libwebviewdatastore	lua-entrypoint	luaopen_hs_libwebviewdatastore	Sources/HSSwiftExtensions/WebviewDatastore.swift:423	G=274/386 via R and RT; L(extensions/webview/webview.lua:47) conditional require; public alias hs.webview.datastore is generated from metadata; no direct test typed call	generated package.preload plus conditional Lua require	typed NativeModuleRegistry entry for hs.libwebviewdatastore with hs.webview.datastore alias	No other active-source callers found; external/dlsym use cannot be disproved	Sources/HSSwiftExtensions/WebviewDatastore.swift:423; G=274/386; H=100; M=98; D=97/193; L=extensions/webview/webview.lua:47; alias metadata extensions/_coresetup/_loader_metadata.lua:571/607.
luaopen_hs_libwebviewtoolbar	lua-entrypoint	luaopen_hs_libwebviewtoolbar	Sources/HSSwiftExtensions/WebviewToolbar.swift:1610	G=277/387 via R and RT; L(extensions/webview/webview_toolbar.lua:39); alias consumers L(extensions/webview/webview.lua:31; extensions/_coresetup/_coresetup.lua:866; extensions/console/console.lua:152; extensions/chooser/chooser.lua:27) resolve hs.webview.toolbar through metadata; T(Tests/CosmicHammerTests/WebviewToolbarTests.swift:11)	generated package.preload plus direct and aliased Lua requires plus test typed reference	typed NativeModuleRegistry entry for hs.libwebviewtoolbar with hs.webview.toolbar alias	No other active-source callers found; external/dlsym use cannot be disproved	Sources/HSSwiftExtensions/WebviewToolbar.swift:1610; G=277/387; H=101; M=98; D=98/194; L and T as listed; alias metadata extensions/_coresetup/_loader_metadata.lua:572/608.
luaopen_hs_libwebviewusercontent	lua-entrypoint	luaopen_hs_libwebviewusercontent	Sources/HSSwiftExtensions/WebviewUsercontent.swift:359	G=280/388 via R and RT; L(extensions/webview/webview.lua:30); public alias hs.webview.usercontent is generated from metadata; T(Tests/CosmicHammerTests/WebviewUsercontentTests.swift:11)	generated package.preload plus Lua require plus test typed reference	typed NativeModuleRegistry entry for hs.libwebviewusercontent with hs.webview.usercontent alias	No other active-source callers found; external/dlsym use cannot be disproved	Sources/HSSwiftExtensions/WebviewUsercontent.swift:359; G=280/388; H=102; M=98; D=99/195; L and T as listed; alias metadata extensions/_coresetup/_loader_metadata.lua:573/609.
luaopen_hs_libwifi	lua-entrypoint	luaopen_hs_libwifi	Sources/HSSwiftExtensions/Wifi.swift:719	G=283/389 via R and RT; L(extensions/wifi/wifi.lua:6); no direct test typed call	generated package.preload plus Lua require	typed NativeModuleRegistry entry for hs.libwifi	No other active-source callers found; external/dlsym use cannot be disproved	Sources/HSSwiftExtensions/Wifi.swift:719; G=283/389; H=103; M=99; D=100/196; L=extensions/wifi/wifi.lua:6.
luaopen_hs_libwifiwatcher	lua-entrypoint	luaopen_hs_libwifiwatcher	Sources/HSSwiftExtensions/WifiWatcher.swift:189	G=286/390 via R and RT; L(extensions/wifi/wifi.lua:7); T(Tests/CosmicHammerTests/WifiWatcherTests.swift:10)	generated package.preload plus Lua require plus test typed reference	typed NativeModuleRegistry entry for hs.libwifiwatcher with hs.wifi.watcher alias	No other active-source callers found; external/dlsym use cannot be disproved	Sources/HSSwiftExtensions/WifiWatcher.swift:189; G=286/390; H=104; M=99; D=101/197; L and T as listed; alias metadata extensions/_coresetup/_loader_metadata.lua:574/610.
luaopen_hs_libwindow	lua-entrypoint	luaopen_hs_libwindow	Sources/HSSwiftExtensions/Window.swift:599	G=289/391 via R and RT; L(extensions/window/window.lua:9); no direct test typed call	generated package.preload plus Lua require	typed NativeModuleRegistry entry for hs.libwindow	No other active-source callers found; external/dlsym use cannot be disproved	Sources/HSSwiftExtensions/Window.swift:599; G=289/391; H=105; M=100; D=102/198; L=extensions/window/window.lua:9.
